/*
SQLyog Ultimate v8.82 
MySQL - 5.5.64-MariaDB : Database - entry_exit_tracker
*********************************************************************
*/

/*!40101 SET NAMES utf8 */;

/*!40101 SET SQL_MODE=''*/;

/*!40014 SET @OLD_UNIQUE_CHECKS=@@UNIQUE_CHECKS, UNIQUE_CHECKS=0 */;
/*!40014 SET @OLD_FOREIGN_KEY_CHECKS=@@FOREIGN_KEY_CHECKS, FOREIGN_KEY_CHECKS=0 */;
/*!40101 SET @OLD_SQL_MODE=@@SQL_MODE, SQL_MODE='NO_AUTO_VALUE_ON_ZERO' */;
/*!40111 SET @OLD_SQL_NOTES=@@SQL_NOTES, SQL_NOTES=0 */;
CREATE DATABASE /*!32312 IF NOT EXISTS*/`entry_exit_tracker` /*!40100 DEFAULT CHARACTER SET latin1 */;

USE `entry_exit_tracker`;

/*Table structure for table `averagetime` */

DROP TABLE IF EXISTS `averagetime`;

CREATE TABLE `averagetime` (
  `id` int(11) NOT NULL AUTO_INCREMENT,
  `point_one` int(11) DEFAULT NULL,
  `point_two` int(11) DEFAULT NULL,
  `average_time` float DEFAULT NULL,
  PRIMARY KEY (`id`),
  KEY `point_one` (`point_one`),
  KEY `point_two` (`point_two`),
  CONSTRAINT `averagetime_ibfk_1` FOREIGN KEY (`point_one`) REFERENCES `gates` (`gate_id`),
  CONSTRAINT `averagetime_ibfk_2` FOREIGN KEY (`point_two`) REFERENCES `gates` (`gate_id`)
) ENGINE=InnoDB AUTO_INCREMENT=59 DEFAULT CHARSET=utf8;

/*Data for the table `averagetime` */

insert  into `averagetime`(`id`,`point_one`,`point_two`,`average_time`) values (1,2,3,2.9),(2,2,4,4.1),(3,2,5,2.7),(4,2,6,3.9),(5,2,7,5.9),(6,2,8,6.7),(7,2,9,7.9),(8,2,10,11.2),(9,2,11,9.9),(10,2,12,11.4),(11,3,4,2.3),(12,3,5,2.3),(13,3,6,5.3),(14,3,7,7.3),(15,3,8,8.1),(16,3,9,9.8),(17,3,10,12.6),(18,3,11,11.8),(19,3,12,12.8),(20,4,5,3.4),(21,4,6,6.5),(22,4,7,8.5),(23,4,8,9.4),(24,4,9,11),(25,4,10,13.9),(26,4,11,13),(27,4,12,14),(28,5,6,5.1),(29,5,7,5.4),(30,5,8,6.3),(31,5,9,9.2),(32,5,10,10.8),(33,5,11,13.6),(34,5,12,15.3),(35,6,7,4.7),(36,6,8,5.5),(37,6,9,6.7),(38,6,10,12.5),(39,6,11,12.9),(40,6,12,11.2),(41,7,8,1.8),(42,7,9,8.7),(43,7,10,12),(44,7,11,10.7),(45,7,12,12.1),(46,8,9,9.5),(47,8,10,12.8),(48,8,11,11.5),(49,8,12,15.4),(50,9,10,7),(51,9,11,5.7),(52,9,12,8.3),(53,10,11,4.7),(54,10,12,7.3),(55,11,12,6),(56,NULL,NULL,7.8),(57,9,2,7.8),(58,9,2,7.8);

/*Table structure for table `dzongkhags` */

DROP TABLE IF EXISTS `dzongkhags`;

CREATE TABLE `dzongkhags` (
  `dzongkhag_id` int(11) NOT NULL AUTO_INCREMENT,
  `dzongkhag` varchar(255) DEFAULT NULL,
  PRIMARY KEY (`dzongkhag_id`)
) ENGINE=InnoDB AUTO_INCREMENT=21 DEFAULT CHARSET=utf8;

/*Data for the table `dzongkhags` */

insert  into `dzongkhags`(`dzongkhag_id`,`dzongkhag`) values (1,'Bumthang'),(2,'Chukha'),(3,'Dagana'),(4,'Gasa'),(5,'Haa'),(6,'Lhuentse'),(7,'Mongar'),(8,'Paro'),(9,'Pemagatshel'),(10,'Punakha'),(11,'Samdrupjongkhar'),(12,'Samtse'),(13,'Sarpang'),(14,'Thimphu'),(15,'Trashigang'),(16,'Trashiyangtse'),(17,'Trongsa'),(18,'Tsirang'),(19,'Wangdue Phodrang'),(20,'Zhemgang');

/*Table structure for table `exitreasons` */

DROP TABLE IF EXISTS `exitreasons`;

CREATE TABLE `exitreasons` (
  `reason_id` int(11) NOT NULL AUTO_INCREMENT,
  `reason` varchar(255) DEFAULT NULL,
  `threshold_hour` int(11) DEFAULT NULL,
  PRIMARY KEY (`reason_id`)
) ENGINE=InnoDB AUTO_INCREMENT=6 DEFAULT CHARSET=utf8;

/*Data for the table `exitreasons` */

insert  into `exitreasons`(`reason_id`,`reason`,`threshold_hour`) values (1,'Shopping',6),(2,'Travel',NULL),(3,'Study',10),(4,'Work',10),(5,'Work',NULL);

/*Table structure for table `gates` */

DROP TABLE IF EXISTS `gates`;

CREATE TABLE `gates` (
  `gate_id` int(11) NOT NULL AUTO_INCREMENT,
  `gate_name` varchar(255) DEFAULT NULL,
  `gate_code` varchar(255) DEFAULT NULL,
  PRIMARY KEY (`gate_id`)
) ENGINE=InnoDB AUTO_INCREMENT=25 DEFAULT CHARSET=utf8;

/*Data for the table `gates` */

insert  into `gates`(`gate_id`,`gate_name`,`gate_code`) values (1,'Paro International Airport','PAR'),(2,'Phuntsholing Main Gate','PHN'),(3,'Samtse Main Gate','SAM'),(4,'Sipsoo Main Gate','SIP'),(5,'Gomtu Main Gate','GOM'),(6,'Lhamoizingkha Main Gate','LHA'),(7,'Gelephu Main Gate','GEL'),(8,'Sarpang Main Gate','SAR'),(9,'Panbang Main Gate','PAN'),(10,'Nganglam Main Gate','NGA'),(11,'Samdrupjongkhar Main Gate','SJK'),(12,'Jomotshangkha','JOM'),(13,'Kharpandi Gate',NULL),(14,'Customs House, Pling',NULL),(15,'Bhangtar',NULL),(16,'Samrang',NULL);

/*Table structure for table `gewog_gate_mapping` */

DROP TABLE IF EXISTS `gewog_gate_mapping`;

CREATE TABLE `gewog_gate_mapping` (
  `dzongkhag_gate_mapping_id` int(11) NOT NULL AUTO_INCREMENT,
  `gate_id` int(11) DEFAULT NULL,
  `gewog_id` int(11) DEFAULT NULL,
  PRIMARY KEY (`dzongkhag_gate_mapping_id`)
) ENGINE=InnoDB AUTO_INCREMENT=13 DEFAULT CHARSET=utf8;

/*Data for the table `gewog_gate_mapping` */

insert  into `gewog_gate_mapping`(`dzongkhag_gate_mapping_id`,`gate_id`,`gewog_id`) values (1,1,811),(2,2,212),(3,3,1213),(4,4,1214),(5,5,1212),(6,6,313),(7,7,1316),(8,8,1311),(9,9,2005),(10,10,909),(11,11,1114),(12,12,1103);

/*Table structure for table `gewogs` */

DROP TABLE IF EXISTS `gewogs`;

CREATE TABLE `gewogs` (
  `gewog_id` int(11) NOT NULL AUTO_INCREMENT,
  `gewog` varchar(255) NOT NULL,
  `dzongkhag_id` int(11) NOT NULL,
  PRIMARY KEY (`gewog_id`),
  KEY `gewog_dzongkhag_ibfk_1` (`dzongkhag_id`),
  CONSTRAINT `gewog_dzongkhag_ibfk_1` FOREIGN KEY (`dzongkhag_id`) REFERENCES `dzongkhags` (`dzongkhag_id`)
) ENGINE=InnoDB AUTO_INCREMENT=2006 DEFAULT CHARSET=utf8;

/*Data for the table `gewogs` */

insert  into `gewogs`(`gewog_id`,`gewog`,`dzongkhag_id`) values (212,'Phuntsholing',2),(313,'Lhamoyzingkhag/Kalikhola',3),(811,'Wangchang',8),(909,'Dechheling',9),(1103,'Langchenphu',11),(1114,'Samdrupjongkhar Throm',11),(1212,'Phuntshopelri/Pugli',12),(1213,'Samtse',12),(1214,'Tashichhoeling/Sibsoo',12),(1311,'Shompangkha',13),(1316,'Gelephu Throm',13),(2005,'Ngangla',20);

/*Table structure for table `guest_biometric` */

DROP TABLE IF EXISTS `guest_biometric`;

CREATE TABLE `guest_biometric` (
  `guest_image_id` int(11) NOT NULL AUTO_INCREMENT,
  `guest_id` int(11) DEFAULT NULL,
  `image_path` varchar(255) DEFAULT NULL,
  `finger_print` blob,
  PRIMARY KEY (`guest_image_id`),
  KEY `guest_biometric_ibfk_1` (`guest_id`),
  CONSTRAINT `guest_biometric_ibfk_1` FOREIGN KEY (`guest_id`) REFERENCES `guests` (`guest_id`)
) ENGINE=InnoDB AUTO_INCREMENT=12 DEFAULT CHARSET=utf8;

/*Data for the table `guest_biometric` */

insert  into `guest_biometric`(`guest_image_id`,`guest_id`,`image_path`,`finger_print`) values (8,19,'D:\\Pem-11211002015-1585001804187.jpeg',NULL),(9,27,'D:\\Deki Yangzom-TTPL-19-1585020824889.jpeg',NULL),(10,320,'D:\\Zedenmo-123a-1585040970555.jpeg',NULL),(11,321,'D:\\Zedenmo-123a-1585040975000.jpeg',NULL);

/*Table structure for table `guestlog` */

DROP TABLE IF EXISTS `guestlog`;

CREATE TABLE `guestlog` (
  `log_id` bigint(20) NOT NULL AUTO_INCREMENT,
  `guest_id` int(11) NOT NULL,
  `temperature` int(11) DEFAULT NULL,
  `entry_or_exit` enum('ENTRY','EXIT') DEFAULT 'ENTRY',
  `transaction_date_time` datetime DEFAULT NULL,
  `reason_id` int(11) DEFAULT NULL,
  `requested_gate_id` int(11) DEFAULT NULL,
  `reason` text,
  `gate_id` int(11) DEFAULT NULL,
  `created_by` varchar(20) DEFAULT NULL,
  `created_on` timestamp NULL DEFAULT CURRENT_TIMESTAMP,
  `alert_flag` enum('Y','N') DEFAULT NULL,
  `alert_update_time` datetime DEFAULT NULL,
  `alert_remarks` text,
  PRIMARY KEY (`log_id`),
  KEY `created_by` (`created_by`),
  KEY `reason_id` (`reason_id`),
  KEY `guestlog_ibfk_5` (`gate_id`),
  KEY `requested_gate_id` (`requested_gate_id`),
  KEY `guestlog_ibfk_1` (`guest_id`),
  CONSTRAINT `FK_guestlog` FOREIGN KEY (`created_by`) REFERENCES `users` (`cid`),
  CONSTRAINT `guestlog_ibfk_1` FOREIGN KEY (`guest_id`) REFERENCES `guests` (`guest_id`),
  CONSTRAINT `guestlog_ibfk_2` FOREIGN KEY (`reason_id`) REFERENCES `exitreasons` (`reason_id`)
) ENGINE=InnoDB AUTO_INCREMENT=319 DEFAULT CHARSET=utf8;

/*Data for the table `guestlog` */

insert  into `guestlog`(`log_id`,`guest_id`,`temperature`,`entry_or_exit`,`transaction_date_time`,`reason_id`,`requested_gate_id`,`reason`,`gate_id`,`created_by`,`created_on`,`alert_flag`,`alert_update_time`,`alert_remarks`) values (9,22,0,'ENTRY','2020-03-24 08:50:00',4,0,'Office Work',0,'12345','2020-03-24 08:50:00','N',NULL,NULL),(10,23,35,'ENTRY','2020-03-24 08:50:40',4,0,'Regular Office.',0,'12345','2020-03-24 08:50:40','N',NULL,NULL),(11,24,0,'ENTRY','2020-03-24 08:51:20',4,0,'Work',0,'12345','2020-03-24 08:51:20','N',NULL,NULL),(12,25,37,'ENTRY','2020-03-24 08:51:40',4,0,'Work',0,'12345','2020-03-24 08:51:40','N',NULL,NULL),(13,26,0,'ENTRY','2020-03-24 08:52:25',4,0,'TTPL regular Office.',0,'12345','2020-03-24 08:52:25','N',NULL,NULL),(14,28,0,'ENTRY','2020-03-23 08:52:43',4,0,'Work',0,'12345','2020-03-23 08:52:43','N',NULL,NULL),(19,33,35,'ENTRY','2020-03-24 08:53:09',4,0,'Regular Office Work. TTPL',0,'12345','2020-03-24 08:53:09','N',NULL,NULL),(20,34,0,'ENTRY','2020-03-24 08:53:29',4,0,'Office',0,'12345','2020-03-24 08:53:29','N',NULL,NULL),(21,35,35,'ENTRY','2020-03-24 08:53:40',4,0,'Regular Office. TTPL',0,'12345','2020-03-24 08:53:40','N',NULL,NULL),(22,36,35,'ENTRY','2020-03-24 08:54:01',4,0,'Regular Office. TTPL',0,'12345','2020-03-24 08:54:01','N',NULL,NULL),(23,37,35,'ENTRY','2020-03-24 08:55:30',4,0,'Regular Office. TTPL',0,'12345','2020-03-24 08:55:30','N',NULL,NULL),(24,38,35,'ENTRY','2020-03-24 08:55:55',4,0,'Regular Office. TTPL',0,'12345','2020-03-24 08:55:55','N',NULL,NULL),(25,39,0,'ENTRY','2020-03-24 08:56:22',4,0,'Work',0,'12345','2020-03-24 08:56:22','N',NULL,NULL),(26,40,37,'ENTRY','2020-03-24 08:56:49',4,0,'Work',0,'12345','2020-03-24 08:56:49','N',NULL,NULL),(27,41,0,'ENTRY','2020-03-24 08:57:11',4,0,'Work',0,'12345','2020-03-24 08:57:11','N',NULL,NULL),(28,42,0,'ENTRY','2020-03-24 08:57:38',4,0,'Office',0,'12345','2020-03-24 08:57:38','N',NULL,NULL),(29,43,0,'ENTRY','2020-03-24 08:57:59',4,0,'Work',0,'12345','2020-03-24 08:57:59','N',NULL,NULL),(30,44,0,'ENTRY','2020-03-24 08:58:30',4,0,'Regular Office. TTPL',0,'12345','2020-03-24 08:58:30','N',NULL,NULL),(31,45,0,'ENTRY','2020-03-24 08:59:10',4,0,'Regular Office. TTPL',0,'12345','2020-03-24 08:59:10','N',NULL,NULL),(32,46,0,'ENTRY','2020-03-24 08:59:52',4,0,'Office',0,'12345','2020-03-24 08:59:52','N',NULL,NULL),(33,47,35,'ENTRY','2020-03-24 09:01:30',4,0,'Regular Office. TTPL',0,'12345','2020-03-24 09:01:30','N',NULL,NULL),(36,50,35,'ENTRY','0000-00-00 09:01:58',4,0,'Regular Office. TTPL',0,'12345','0000-00-00 00:00:00','N',NULL,NULL),(37,51,35,'ENTRY','2020-03-24 09:02:41',4,0,'Regular Office. TTPL',0,'12345','2020-03-24 09:02:41','N',NULL,NULL),(38,52,35,'ENTRY','2020-03-24 09:02:26',4,0,'',0,'12345','2020-03-24 09:02:26','N',NULL,NULL),(39,53,0,'ENTRY','2020-03-24 09:02:57',4,0,'Office',0,'12345','2020-03-24 09:02:57','N',NULL,NULL),(40,54,0,'ENTRY','2020-03-24 09:03:37',4,0,'Regular Office. TTPL',0,'12345','2020-03-24 09:03:37','N',NULL,NULL),(44,58,35,'ENTRY','2020-03-24 09:04:12',4,0,'Regular Office. TTPL',0,'12345','2020-03-24 09:04:12','N',NULL,NULL),(46,60,0,'ENTRY','2020-03-24 09:04:51',4,0,'Regular Office. TTPL',0,'12345','2020-03-24 09:04:51','N',NULL,NULL),(47,61,0,'ENTRY','2020-03-24 09:05:30',4,0,'Work',0,'12345','2020-03-24 09:05:30','N',NULL,NULL),(48,62,0,'ENTRY','2020-03-24 09:06:05',4,0,'Regular Office. TTPL',0,'12345','2020-03-24 09:06:05','N',NULL,NULL),(49,63,0,'ENTRY','2020-03-24 09:06:44',4,0,'Office',0,'12345','2020-03-24 09:06:44','N',NULL,NULL),(51,65,0,'ENTRY','2020-03-24 09:07:20',4,0,'Regular Office. TTPL',0,'12345','2020-03-24 09:07:20','N',NULL,NULL),(52,66,0,'ENTRY','2020-03-24 09:07:58',1,0,'Shopping',0,'12345','2020-03-24 09:07:58','N',NULL,NULL),(53,67,35,'ENTRY','2020-03-24 09:08:33',4,0,'Regular Office. TTPL',0,'12345','2020-03-24 09:08:33','N',NULL,NULL),(54,68,0,'ENTRY','2020-03-24 09:09:06',4,0,'Office',0,'12345','2020-03-24 09:09:06','N',NULL,NULL),(56,70,0,'ENTRY','2020-03-24 09:09:41',4,0,'Regular Office. TTPL',0,'12345','2020-03-24 09:09:41','N',NULL,NULL),(57,71,0,'ENTRY','2020-03-24 09:10:28',4,0,'Office',0,'12345','2020-03-24 09:10:28','N',NULL,NULL),(58,72,0,'ENTRY','2020-03-24 09:10:59',4,0,'Regular Office. TTPL',0,'12345','2020-03-24 09:10:59','N',NULL,NULL),(59,73,0,'ENTRY','2020-03-24 09:11:37',4,0,'Office',0,'12345','2020-03-24 09:11:37','N',NULL,NULL),(61,75,0,'ENTRY','2020-03-24 09:12:08',4,0,'Regular Office. TTPL',0,'12345','2020-03-24 09:12:08','N',NULL,NULL),(63,77,0,'ENTRY','2020-03-24 09:12:41',4,0,'Regular Office. TTPL',0,'12345','2020-03-24 09:12:41','N',NULL,NULL),(64,78,0,'ENTRY','2020-03-24 09:13:23',3,0,'Office',0,'12345','2020-03-24 09:13:23','N',NULL,NULL),(66,80,0,'ENTRY','2020-03-24 09:13:57',4,0,'Regular Office. TTPL',0,'12345','2020-03-24 09:13:57','N',NULL,NULL),(69,83,0,'ENTRY','2020-03-24 09:14:42',4,0,'Regular Office. TTPL',0,'12345','2020-03-24 09:14:42','N',NULL,NULL),(70,84,0,'ENTRY','2020-03-24 09:15:27',4,0,'Office',0,'12345','2020-03-24 09:15:27','N',NULL,NULL),(71,85,0,'ENTRY','2020-03-24 09:16:03',4,0,'Office',0,'12345','2020-03-24 09:16:03','N',NULL,NULL),(72,86,0,'ENTRY','2020-03-24 09:16:39',4,0,'Regular Office. TTPL',0,'12345','2020-03-24 09:16:39','N',NULL,NULL),(73,87,0,'ENTRY','2020-03-24 09:17:10',4,0,'Office',0,'12345','2020-03-24 09:17:10','N',NULL,NULL),(74,88,0,'ENTRY','2020-03-24 09:17:52',4,0,'Regular Office. TTPL',0,'12345','2020-03-24 09:17:52','N',NULL,NULL),(75,89,0,'ENTRY','2020-03-24 09:18:30',4,0,'Office',0,'12345','2020-03-24 09:18:30','N',NULL,NULL),(76,90,0,'ENTRY','2020-03-24 09:19:08',4,0,'Regular Office. TTPL',0,'12345','2020-03-24 09:19:08','N',NULL,NULL),(77,91,0,'ENTRY','2020-03-24 09:19:51',4,0,'Office',0,'12345','2020-03-24 09:19:51','N',NULL,NULL),(78,92,0,'ENTRY','2020-03-24 09:20:27',4,0,'Regular Office. TTPL',0,'12345','2020-03-24 09:20:27','N',NULL,NULL),(79,93,0,'ENTRY','2020-03-24 09:21:10',1,0,'Office',0,'12345','2020-03-24 09:21:10','N',NULL,NULL),(80,94,0,'ENTRY','2020-03-24 09:21:50',4,0,'Regular Office. TTPL',0,'12345','2020-03-24 09:21:50','N',NULL,NULL),(81,95,0,'ENTRY','2020-03-24 09:22:32',4,0,'Office',0,'12345','2020-03-24 09:22:32','N',NULL,NULL),(82,96,0,'ENTRY','2020-03-24 10:03:30',4,0,'Regular Office. TTPL',0,'12345','2020-03-24 10:03:30','N',NULL,NULL),(83,97,0,'ENTRY','2020-03-24 10:04:57',4,0,'Office',0,'12345','2020-03-24 10:04:57','N',NULL,NULL),(85,99,0,'ENTRY','2020-03-24 10:05:40',4,0,'Office',0,'12345','2020-03-24 10:05:40','N',NULL,NULL),(86,100,0,'ENTRY','2020-03-24 10:06:20',4,0,'Regular Office. TTPL',0,'12345','2020-03-24 10:06:20','N',NULL,NULL),(87,101,0,'ENTRY','2020-03-24 10:07:03',4,0,'Office',0,'12345','2020-03-24 10:07:03','N',NULL,NULL),(89,103,0,'ENTRY','2020-03-24 10:07:58',4,0,'Regular Office. TTPL',0,'12345','2020-03-24 10:07:58','N',NULL,NULL),(90,104,0,'ENTRY','2020-03-24 10:08:40',4,0,'Office',0,'12345','2020-03-24 10:08:40','N',NULL,NULL),(91,105,0,'ENTRY','2020-03-24 10:09:27',4,0,'Regular Office. TTPL',0,'12345','2020-03-24 10:09:27','N',NULL,NULL),(92,106,0,'ENTRY','2020-03-24 10:10:05',4,0,'Office',0,'12345','2020-03-24 10:10:05','N',NULL,NULL),(93,107,0,'ENTRY','2020-03-24 10:10:49',4,0,'Office',0,'12345','2020-03-24 10:10:49','N',NULL,NULL),(94,108,0,'ENTRY','2020-03-24 10:11:01',4,0,'Regular Office. TTPL',0,'12345','2020-03-24 10:11:01','N',NULL,NULL),(95,109,0,'ENTRY','2020-03-24 10:11:59',4,0,'Office',0,'12345','2020-03-24 10:11:59','N',NULL,NULL),(96,110,0,'ENTRY','2020-03-24 10:12:53',4,0,'Regular Office. TTPL',0,'12345','2020-03-24 10:12:53','N',NULL,NULL),(98,112,0,'ENTRY','2020-03-24 10:13:36',4,0,'Regular Office. TTPL',0,'12345','2020-03-24 10:13:36','N',NULL,NULL),(99,113,0,'ENTRY','2020-03-24 10:14:01',4,0,'Office',0,'12345','2020-03-24 10:14:01','N',NULL,NULL),(100,114,0,'ENTRY','2020-03-24 10:14:45',4,0,'Regular Office. TTPL',0,'12345','2020-03-24 10:14:45','N',NULL,NULL),(101,115,0,'ENTRY','2020-03-24 10:15:26',1,0,'Shopping',0,'12345','2020-03-24 10:15:26','N',NULL,NULL),(102,116,0,'ENTRY','2020-03-24 10:16:08',1,0,'Regular Office. TTPL',0,'12345','2020-03-24 10:16:08','N',NULL,NULL),(104,119,0,'ENTRY','2020-03-24 10:16:56',4,0,'Regular Office. TTPL',0,'12345','2020-03-24 10:16:56','N',NULL,NULL),(105,120,0,'ENTRY','2020-03-24 10:17:41',4,0,'Work',0,'12345','2020-03-24 10:17:41','N',NULL,NULL),(106,121,0,'ENTRY','2020-03-24 10:18:20',4,0,'Regular Office. TTPL',0,'12345','2020-03-24 10:18:20','N',NULL,NULL),(107,122,0,'ENTRY','2020-03-24 10:19:34',4,0,'Office',0,'12345','2020-03-24 10:19:34','N',NULL,NULL),(108,123,0,'ENTRY','2020-03-24 10:20:01',4,0,'Regular Office. TTPL',0,'12345','2020-03-24 10:20:01','N',NULL,NULL),(109,124,0,'ENTRY','2020-03-24 10:20:40',4,0,'',0,'12345','2020-03-24 10:20:40','N',NULL,NULL),(110,125,0,'ENTRY','2020-03-24 10:21:06',4,0,'Regular Office. TTPL',0,'12345','2020-03-24 10:21:06','N',NULL,NULL),(111,126,0,'ENTRY','2020-03-24 10:21:40',4,0,'Office',0,'12345','2020-03-24 10:21:40','N',NULL,NULL),(112,127,0,'ENTRY','2020-03-24 10:22:10',4,0,'Regular Office. TTPL',0,'12345','2020-03-24 10:22:10','N',NULL,NULL),(113,128,0,'ENTRY','2020-03-24 10:22:42',4,0,'Regular Office. TTPL',0,'12345','2020-03-24 10:22:42','N',NULL,NULL),(114,129,0,'ENTRY','2020-03-24 10:23:01',4,0,'Office',0,'12345','2020-03-24 10:23:01','N',NULL,NULL),(115,130,0,'ENTRY','2020-03-24 10:23:36',1,0,'Regular Office. TTPL',0,'12345','2020-03-24 10:23:36','N',NULL,NULL),(116,131,0,'ENTRY','2020-03-24 10:24:07',4,0,'Office',0,'12345','2020-03-24 10:24:07','N',NULL,NULL),(118,133,0,'ENTRY','2020-03-24 10:24:42',4,0,'Regular Office. TTPL',0,'12345','2020-03-24 10:24:42','N',NULL,NULL),(119,134,0,'ENTRY','2020-03-24 10:25:09',1,0,'Shopping',0,'12345','2020-03-24 10:25:09','N',NULL,NULL),(120,135,0,'ENTRY','2020-03-24 10:25:42',4,0,'Regular Office. TTPL',0,'12345','2020-03-24 10:25:42','N',NULL,NULL),(121,136,0,'ENTRY','2020-03-24 10:26:02',1,0,'Shopping',0,'12345','2020-03-24 10:26:02','N',NULL,NULL),(123,138,35,'ENTRY','2020-03-24 10:26:40',4,0,'Regular Office. TTPL',0,'12345','2020-03-24 10:26:40','N',NULL,NULL),(124,139,35,'ENTRY','2020-03-24 10:27:01',4,0,'Regular Office. TTPL',0,'12345','2020-03-24 10:27:01','N',NULL,NULL),(125,140,0,'ENTRY','2020-03-24 10:27:38',4,0,'Office',0,'12345','2020-03-24 10:27:38','N',NULL,NULL),(126,141,0,'ENTRY','2020-03-24 10:28:01',1,0,'Regular Office. TTPL',0,'12345','2020-03-24 10:28:01','N',NULL,NULL),(127,142,0,'ENTRY','2020-03-24 10:28:34',3,0,'Class',0,'12345','2020-03-24 10:28:34','N',NULL,NULL),(128,143,0,'ENTRY','2020-03-24 10:29:03',4,0,'Regular Office. TTPL',0,'12345','2020-03-24 10:29:03','N',NULL,NULL),(129,144,0,'ENTRY','2020-03-24 10:29:40',4,0,'Office',0,'12345','2020-03-24 10:29:40','N',NULL,NULL),(130,145,0,'ENTRY','2020-03-24 10:30:21',4,0,'Regular Office. TTPL',0,'12345','2020-03-24 10:30:21','N',NULL,NULL),(131,146,0,'ENTRY','2020-03-24 10:30:54',4,0,'Office',0,'12345','2020-03-24 10:30:54','N',NULL,NULL),(132,147,0,'ENTRY','2020-03-24 09:23:10',4,0,'Regular Office. TTPL',0,'12345','2020-03-24 09:23:10','N',NULL,NULL),(133,148,0,'ENTRY','2020-03-24 09:23:54',4,0,'Office',0,'12345','2020-03-24 09:23:54','N',NULL,NULL),(134,149,35,'ENTRY','2020-03-24 09:24:32',4,0,'Regular Office. TTPL',0,'12345','2020-03-24 09:24:32','N',NULL,NULL),(135,150,0,'ENTRY','2020-03-23 09:25:11',4,0,'Office',0,'12345','2020-03-23 09:25:11','N',NULL,NULL),(136,151,0,'ENTRY','2020-03-24 09:25:53',4,0,'Regular Office. TTPL',0,'12345','2020-03-24 09:25:53','N',NULL,NULL),(137,152,0,'ENTRY','2020-03-23 09:26:31',4,0,'Office',0,'12345','2020-03-23 09:26:31','N',NULL,NULL),(138,153,36,'ENTRY','2020-03-24 09:27:20',1,0,'Regular Office. TTPL',0,'12345','2020-03-24 09:27:20','N',NULL,NULL),(139,154,35,'ENTRY','2020-03-24 09:27:58',4,0,'Regular Office. TTPL',0,'12345','2020-03-24 09:27:58','N',NULL,NULL),(140,155,0,'ENTRY','2020-03-24 09:28:39',4,0,'Office',0,'12345','2020-03-24 09:28:39','N',NULL,NULL),(141,156,36,'ENTRY','2020-03-24 09:29:19',4,0,'Regular Office. TTPL',0,'12345','2020-03-24 09:29:19','N',NULL,NULL),(142,157,0,'ENTRY','2020-03-24 09:29:55',4,0,'Office',0,'12345','2020-03-24 09:29:55','N',NULL,NULL),(143,158,34,'ENTRY','2020-03-24 09:30:40',4,0,'Regular Office. TTPL',0,'12345','2020-03-24 09:30:40','N',NULL,NULL),(144,159,0,'ENTRY','2020-03-24 09:31:15',4,0,'Office',0,'12345','2020-03-24 09:31:15','N',NULL,NULL),(145,160,37,'ENTRY','2020-03-24 09:31:54',4,0,'Regular Office. TTPL',0,'12345','2020-03-24 09:31:54','N',NULL,NULL),(147,162,0,'ENTRY','2020-03-24 09:32:38',4,0,'Office',0,'12345','2020-03-24 09:32:38','N',NULL,NULL),(148,163,0,'ENTRY','2020-03-24 09:33:12',4,0,'Regular Office. TTPL',0,'12345','2020-03-24 09:33:12','N',NULL,NULL),(149,164,0,'ENTRY','2020-03-24 09:33:54',4,0,'Office',0,'12345','2020-03-24 09:33:54','N',NULL,NULL),(150,165,35,'ENTRY','2020-03-24 09:34:25',1,0,'Regular Office. TTPL',0,'12345','2020-03-24 09:34:25','N',NULL,NULL),(151,166,0,'ENTRY','2020-03-24 09:34:55',4,0,'Office',0,'12345','2020-03-24 09:34:55','N',NULL,NULL),(153,168,36,'ENTRY','2020-03-24 09:35:14',4,0,'Regular Office. TTPL',0,'12345','2020-03-24 09:35:14','N',NULL,NULL),(154,169,0,'ENTRY','2020-03-24 09:35:32',4,0,'Office',0,'12345','2020-03-24 09:35:32','N',NULL,NULL),(155,170,37,'ENTRY','2020-03-24 09:36:07',4,0,'Regular Office. TTPL',0,'12345','2020-03-24 09:36:07','N',NULL,NULL),(156,171,0,'ENTRY','2020-03-24 09:36:30',4,0,'Office',0,'12345','2020-03-24 09:36:30','N',NULL,NULL),(157,172,35,'ENTRY','2020-03-24 09:37:02',3,0,'Regular Office. TTPL',0,'12345','2020-03-24 09:37:02','N',NULL,NULL),(158,173,0,'ENTRY','2020-03-24 09:37:29',4,0,'Office',0,'12345','2020-03-24 09:37:29','N',NULL,NULL),(159,174,0,'ENTRY','2020-03-24 09:37:59',4,0,'Office',0,'12345','2020-03-24 09:37:59','N',NULL,NULL),(160,175,0,'ENTRY','2020-03-24 09:38:33',4,0,'Office',0,'12345','2020-03-24 09:38:33','N',NULL,NULL),(161,176,0,'ENTRY','2020-03-24 09:38:57',4,0,'Regular Office. TTPL',0,'12345','2020-03-24 09:38:57','N',NULL,NULL),(162,177,0,'ENTRY','2020-03-24 09:39:26',1,0,'Shopping',0,'12345','2020-03-24 09:39:26','N',NULL,NULL),(163,178,36,'ENTRY','2020-03-24 09:39:58',3,0,'Regular Office. TTPL',0,'12345','2020-03-24 09:39:58','N',NULL,NULL),(164,179,0,'ENTRY','2020-03-24 09:40:30',4,0,'Office',0,'12345','2020-03-24 09:40:30','N',NULL,NULL),(165,180,35,'ENTRY','2020-03-24 09:41:08',4,0,'Regular Office. TTPL',0,'12345','2020-03-24 09:41:08','N',NULL,NULL),(167,182,0,'ENTRY','2020-03-24 09:41:50',4,0,'',0,'12345','2020-03-24 09:41:50','N',NULL,NULL),(168,183,56,'ENTRY','2020-03-24 09:42:27',1,0,'Regular Office. TTPL',0,'12345','2020-03-24 09:42:27','N',NULL,NULL),(169,184,0,'ENTRY','2020-03-24 09:43:07',4,0,'Office',0,'12345','2020-03-24 09:43:07','N',NULL,NULL),(170,185,34,'ENTRY','2020-03-24 09:43:46',4,0,'Regular Office. TTPL',0,'12345','2020-03-24 09:43:46','N',NULL,NULL),(171,186,0,'ENTRY','2020-03-24 09:44:17',4,0,'Office',0,'12345','2020-03-24 09:44:17','N',NULL,NULL),(172,187,35,'ENTRY','2020-03-24 09:44:56',1,0,'Regular Office. TTPL',0,'12345','2020-03-24 09:44:56','N',NULL,NULL),(173,188,0,'ENTRY','2020-03-24 09:45:29',4,0,'Office',0,'12345','2020-03-24 09:45:29','N',NULL,NULL),(174,189,35,'ENTRY','2020-03-24 09:46:01',3,0,'Regular Office. TTPL',0,'12345','2020-03-24 09:46:01','N',NULL,NULL),(175,190,0,'ENTRY','2020-03-24 09:46:34',1,0,'Shopping',0,'12345','2020-03-24 09:46:34','N',NULL,NULL),(176,191,35,'ENTRY','2020-03-24 09:47:03',4,0,'Regular Office. TTPL',0,'12345','2020-03-24 09:47:03','N',NULL,NULL),(177,192,0,'ENTRY','2020-03-24 09:47:38',4,0,'Office',0,'12345','2020-03-24 09:47:38','N',NULL,NULL),(179,194,35,'ENTRY','2020-03-24 09:48:07',1,0,'Regular Office. TTPL',0,'12345','2020-03-24 09:48:07','N',NULL,NULL),(180,195,0,'ENTRY','2020-03-24 09:48:40',4,0,'',0,'12345','2020-03-24 09:48:40','N',NULL,NULL),(181,196,35,'ENTRY','2020-03-24 09:49:18',4,0,'Regular Office. TTPL',0,'12345','2020-03-24 09:49:18','N',NULL,NULL),(182,197,0,'ENTRY','2020-03-24 09:50:01',4,0,'Office',0,'12345','2020-03-24 09:50:01','N',NULL,NULL),(183,198,35,'ENTRY','2020-03-24 09:37:22',3,0,'Regular Office. TTPL',0,'12345','2020-03-24 09:37:22','N',NULL,NULL),(184,199,0,'ENTRY','2020-03-24 09:20:35',4,0,'Office',0,'12345','2020-03-24 09:20:35','N',NULL,NULL),(185,200,35,'ENTRY','2020-03-24 09:15:12',1,0,'Regular Office. TTPL',0,'12345','2020-03-24 09:15:12','N',NULL,NULL),(186,201,35,'ENTRY','2020-03-24 09:12:23',1,0,'Regular Office. TTPL',0,'12345','2020-03-24 09:12:23','N',NULL,NULL),(187,202,0,'ENTRY','2020-03-24 09:34:38',4,0,'Office',0,'12345','2020-03-24 09:34:38','N',NULL,NULL),(188,203,35,'ENTRY','2020-03-24 09:40:09',1,0,'Regular Office. TTPL',0,'12345','2020-03-24 09:40:09','N',NULL,NULL),(189,204,0,'ENTRY','2020-03-24 09:11:56',4,0,'Work',0,'12345','2020-03-24 09:11:56','N',NULL,NULL),(190,205,35,'ENTRY','2020-03-24 09:19:55',3,0,'Regular Office. TTPL',0,'12345','2020-03-24 09:19:55','N',NULL,NULL),(191,206,0,'ENTRY','2020-03-24 09:42:23',4,0,'Office',0,'12345','2020-03-24 09:42:23','N',NULL,NULL),(192,207,35,'ENTRY','2020-03-24 08:44:52',1,0,'Regular Office. TTPL',0,'12345','2020-03-24 08:44:52','N',NULL,NULL),(194,209,35,'ENTRY','2020-03-24 08:47:54',3,0,'Regular Office. TTPL',0,'12345','2020-03-24 08:47:54','N',NULL,NULL),(195,210,0,'ENTRY','2020-03-24 08:55:34',1,0,'Shop[ping',0,'12345','2020-03-24 08:55:34','N',NULL,NULL),(196,211,0,'ENTRY','2020-03-24 08:57:12',1,0,'Shopping',0,'12345','2020-03-24 08:57:12','N',NULL,NULL),(198,213,34,'ENTRY','2020-03-24 09:09:10',1,0,'Regular Office. TTPL',0,'12345','2020-03-24 09:09:10','N',NULL,NULL),(199,214,35,'ENTRY','2020-03-24 09:11:43',1,0,'Regular Office. TTPL',0,'12345','2020-03-24 09:11:43','N',NULL,NULL),(200,215,0,'ENTRY','2020-03-24 09:28:48',4,0,'Office',0,'12345','2020-03-24 09:28:48','N',NULL,NULL),(201,216,0,'ENTRY','2020-03-24 09:09:23',1,0,'Regular Office. TTPL',0,'12345','2020-03-24 09:09:23','N',NULL,NULL),(202,217,0,'ENTRY','2020-03-24 09:50:40',4,0,'Office',0,'12345','2020-03-24 09:50:40','N',NULL,NULL),(203,218,0,'ENTRY','2020-03-24 09:51:17',3,0,'Regular Office. TTPL',0,'12345','2020-03-24 09:51:17','N',NULL,NULL),(204,219,0,'ENTRY','2020-03-24 09:51:48',4,0,'Office',0,'12345','2020-03-24 09:51:48','N',NULL,NULL),(206,221,0,'ENTRY','2020-03-24 09:52:13',1,0,'Regular Office. TTPL',0,'12345','2020-03-24 09:52:13','N',NULL,NULL),(207,222,0,'ENTRY','2020-03-24 09:52:43',4,0,'Office',0,'12345','2020-03-24 09:52:43','N',NULL,NULL),(208,223,0,'ENTRY','2020-03-24 09:53:10',4,0,'Office',0,'12345','2020-03-24 09:53:10','N',NULL,NULL),(209,224,35,'ENTRY','2020-03-24 09:53:43',1,0,'tt',0,'12345','2020-03-24 09:53:43','N',NULL,NULL),(210,225,0,'ENTRY','2020-03-24 09:54:15',1,0,'fasd',0,'12345','2020-03-24 09:54:15','N',NULL,NULL),(211,226,35,'ENTRY','2020-03-24 09:54:53',1,0,'test',0,'12345','2020-03-24 09:54:53','N',NULL,NULL),(212,227,0,'ENTRY','2020-03-24 09:55:10',4,0,'Office',0,'12345','2020-03-24 09:55:10','N',NULL,NULL),(213,228,0,'ENTRY','2020-03-24 09:25:55',4,0,'Office',0,'12345','2020-03-24 09:25:55','N',NULL,NULL),(214,229,34,'ENTRY','2020-03-24 09:06:07',1,0,'test',0,'12345','2020-03-24 09:06:07','N',NULL,NULL),(215,230,0,'ENTRY','2020-03-24 09:01:13',1,0,'...',0,'12345','2020-03-24 09:01:13','N',NULL,NULL),(216,231,34,'ENTRY','2020-03-24 09:03:19',1,0,'test',0,'12345','2020-03-24 09:03:19','N',NULL,NULL),(217,232,0,'ENTRY','2020-03-24 08:59:10',1,0,'....',0,'12345','2020-03-24 08:59:10','N',NULL,NULL),(218,233,45,'ENTRY','2020-03-24 10:11:15',1,0,'test',0,'12345','2020-03-24 10:11:15','N',NULL,NULL),(219,234,0,'ENTRY','2020-03-24 10:12:19',1,0,'....',0,'12345','2020-03-24 10:12:19','N',NULL,NULL),(220,235,0,'ENTRY','2020-03-24 10:01:07',1,0,'...',0,'12345','2020-03-24 10:01:07','N',NULL,NULL),(221,236,35,'ENTRY','2020-03-24 10:18:29',1,0,'test',0,'12345','2020-03-24 10:18:29','N',NULL,NULL),(222,237,0,'ENTRY','2020-03-24 10:16:45',4,0,'Ofice',0,'12345','2020-03-24 10:16:45','N',NULL,NULL),(223,238,34,'ENTRY','2020-03-24 09:31:57',1,0,'test',0,'12345','2020-03-24 09:31:57','N',NULL,NULL),(224,239,34,'ENTRY','2020-03-24 10:05:56',1,0,'test',0,'12345','2020-03-24 10:05:56','N',NULL,NULL),(225,240,0,'ENTRY','2020-03-24 08:49:40',4,0,'office',0,'12345','2020-03-24 08:49:40','N',NULL,NULL),(226,241,0,'ENTRY','2020-03-24 08:50:56',4,0,'office',0,'12345','2020-03-24 08:50:56','N',NULL,NULL),(227,242,34,'ENTRY','2020-03-24 08:51:48',1,0,'test',0,'12345','2020-03-24 08:51:48','N',NULL,NULL),(228,243,34,'ENTRY','2020-03-24 08:52:40',1,0,'test',0,'12345','2020-03-24 08:52:40','N',NULL,NULL),(229,244,0,'ENTRY','2020-03-24 08:53:24',4,0,'office',0,'12345','2020-03-24 08:53:24','N',NULL,NULL),(230,245,34,'ENTRY','2020-03-24 08:54:23',1,0,'test',0,'12345','2020-03-24 08:54:23','N',NULL,NULL),(231,246,0,'ENTRY','2020-03-24 08:55:40',4,0,'office',0,'12345','2020-03-24 08:55:40','N',NULL,NULL),(232,247,34,'ENTRY','2020-03-24 08:56:09',1,0,'test',0,'12345','2020-03-24 08:56:09','N',NULL,NULL),(233,248,35,'ENTRY','2020-03-24 08:57:01',1,0,'test',0,'12345','2020-03-24 08:57:01','N',NULL,NULL),(235,250,0,'ENTRY','2020-03-24 08:57:56',4,0,'office',0,'12345','2020-03-24 08:57:56','N',NULL,NULL),(236,251,34,'ENTRY','2020-03-24 08:58:40',1,0,'test',0,'12345','2020-03-24 08:58:40','N',NULL,NULL),(237,252,0,'ENTRY','2020-03-24 08:59:39',4,0,'Office',0,'12345','2020-03-24 08:59:39','N',NULL,NULL),(238,253,0,'ENTRY','2020-03-24 09:00:49',4,0,'office',0,'12345','2020-03-24 09:00:49','N',NULL,NULL),(239,254,34,'ENTRY','2020-03-24 09:01:37',1,0,'test',0,'12345','2020-03-24 09:01:37','N',NULL,NULL),(240,255,0,'ENTRY','2020-03-24 09:02:45',4,0,'office',0,'12345','2020-03-24 09:02:45','N',NULL,NULL),(241,256,34,'ENTRY','2020-03-24 09:03:30',1,0,'test',0,'12345','2020-03-24 09:03:30','N',NULL,NULL),(242,257,0,'ENTRY','2020-03-24 09:04:10',1,0,'Mmmm',0,'12345','2020-03-24 09:04:10','N',NULL,NULL),(243,258,35,'ENTRY','2020-03-24 09:05:50',3,0,'Test',0,'12345','2020-03-24 09:05:50','N',NULL,NULL),(244,259,0,'ENTRY','2020-03-24 09:06:30',4,0,'Office',0,'12345','2020-03-24 09:06:30','N',NULL,NULL),(245,260,35,'ENTRY','2020-03-24 09:07:09',1,0,'Test',0,'12345','2020-03-24 09:07:09','N',NULL,NULL),(246,261,34,'ENTRY','2020-03-24 09:00:10',1,0,'test',0,'12345','2020-03-24 09:00:10','N',NULL,NULL),(247,262,0,'ENTRY','2020-03-24 09:55:40',4,0,'Office',0,'12345','2020-03-24 09:55:40','N',NULL,NULL),(248,263,35,'ENTRY','2020-03-24 09:56:01',1,0,'Test',0,'12345','2020-03-24 09:56:01','N',NULL,NULL),(249,264,34,'ENTRY','2020-03-24 09:56:40',1,0,'test',0,'12345','2020-03-24 09:56:40','N',NULL,NULL),(250,265,0,'ENTRY','2020-03-24 09:57:09',4,0,'Office',0,'12345','2020-03-24 09:57:09','N',NULL,NULL),(251,266,0,'ENTRY','2020-03-24 09:57:40',3,0,'Nnnnn',0,'12345','2020-03-24 09:57:40','N',NULL,NULL),(252,267,34,'ENTRY','2020-03-24 09:58:02',1,0,'test',0,'12345','2020-03-24 09:58:02','N',NULL,NULL),(253,269,0,'ENTRY','2020-03-24 09:58:40',4,0,'Office',0,'12345','2020-03-24 09:58:40','N',NULL,NULL),(254,271,0,'ENTRY','2020-03-24 09:59:01',4,0,'Office',0,'12345','2020-03-24 09:59:01','N',NULL,NULL),(255,273,35,'ENTRY','2020-03-24 10:00:40',1,0,'Tet',9,'12345','2020-03-24 10:00:40','N',NULL,NULL),(256,274,34,'ENTRY','2020-03-24 10:01:01',1,0,'test',0,'12345','2020-03-24 10:01:01','N',NULL,NULL),(257,275,0,'ENTRY','2020-03-24 10:01:40',4,0,'OFFICE',0,'12345','2020-03-24 10:01:40','N',NULL,NULL),(258,276,0,'ENTRY','2020-03-24 10:02:01',4,0,'OFFICE',0,'12345','2020-03-24 10:02:01','N',NULL,NULL),(259,277,0,'ENTRY','2020-03-24 10:02:48',4,0,'Office',0,'12345','2020-03-24 10:02:48','N',NULL,NULL),(260,278,35,'ENTRY','2020-03-24 10:03:01',1,0,'Test',0,'12345','2020-03-24 10:03:01','N',NULL,NULL),(261,279,34,'ENTRY','2020-03-24 10:03:40',1,0,'test',0,'12345','2020-03-24 10:03:40','N',NULL,NULL),(262,280,0,'ENTRY','2020-03-24 10:04:08',4,0,'Office',0,'12345','2020-03-24 10:04:08','N',NULL,NULL),(263,281,35,'ENTRY','2020-03-24 10:04:40',1,0,'Test',0,'12345','2020-03-24 10:04:40','N',NULL,NULL),(264,282,0,'ENTRY','2020-03-24 10:05:02',4,0,'Office',0,'12345','2020-03-24 10:05:02','N',NULL,NULL),(265,283,0,'ENTRY','2020-03-24 10:05:40',1,0,'Fhjb',0,'12345','2020-03-24 10:05:40','N',NULL,NULL),(267,285,35,'ENTRY','2020-03-24 10:06:01',1,0,'Test',0,'12345','2020-03-24 10:06:01','N',NULL,NULL),(268,286,0,'ENTRY','2020-03-24 10:06:40',4,0,'oFFICE',0,'12345','2020-03-24 10:06:40','N',NULL,NULL),(269,287,35,'ENTRY','2020-03-24 10:07:02',1,0,'Test',0,'12345','2020-03-24 10:07:02','N',NULL,NULL),(270,288,0,'ENTRY','2020-03-24 10:07:48',1,0,'Gdjdb',0,'12345','2020-03-24 10:07:48','N',NULL,NULL),(271,289,0,'ENTRY','2020-03-24 10:08:00',4,0,'Office',0,'12345','2020-03-24 10:08:00','N',NULL,NULL),(272,290,35,'ENTRY','2020-03-24 10:08:30',4,0,'Office',0,'12345','2020-03-24 10:08:30','N',NULL,NULL),(273,291,35,'ENTRY','2020-03-24 10:09:01',1,0,'Office',0,'12345','2020-03-24 10:09:01','N',NULL,NULL),(274,292,0,'ENTRY','2020-03-24 10:09:37',4,0,'Office',0,'12345','2020-03-24 10:09:37','N',NULL,NULL),(275,293,0,'ENTRY','2020-03-24 10:10:07',1,0,'Gdjnd',0,'12345','2020-03-24 10:10:07','N',NULL,NULL),(276,294,35,'ENTRY','2020-03-24 10:10:45',4,0,'Office .',0,'12345','2020-03-24 10:10:45','N',NULL,NULL),(277,295,0,'ENTRY','2020-03-24 10:11:01',1,0,'Ttpl',0,'12345','2020-03-24 10:11:01','N',NULL,NULL),(278,296,0,'ENTRY','2020-03-24 10:11:30',1,0,'Ghhg',0,'12345','2020-03-24 10:11:30','N',NULL,NULL),(279,297,34,'ENTRY','2020-03-24 10:12:14',1,0,'test',0,'12345','2020-03-24 10:12:14','N',NULL,NULL),(280,298,35,'ENTRY','2020-03-24 10:12:56',4,0,'Office',0,'12345','2020-03-24 10:12:56','N',NULL,NULL),(281,299,35,'ENTRY','2020-03-24 10:13:10',4,0,'Office',0,'12345','2020-03-24 10:13:10','N',NULL,NULL),(282,300,34,'ENTRY','2020-03-24 10:14:02',1,0,'test',0,'12345','2020-03-24 10:14:02','N',NULL,NULL),(283,301,0,'ENTRY','2020-03-24 10:15:50',4,0,'Office',0,'12345','2020-03-24 10:15:50','N',NULL,NULL),(284,302,0,'ENTRY','2020-03-24 10:16:48',4,0,'Office',0,'12345','2020-03-24 10:16:48','N',NULL,NULL),(285,303,34,'ENTRY','2020-03-24 10:17:20',1,0,'test',0,'12345','2020-03-24 10:17:20','N',NULL,NULL),(286,304,36,'ENTRY','2020-03-24 10:18:40',4,0,'Office',0,'12345','2020-03-24 10:18:40','N',NULL,NULL),(287,305,0,'ENTRY','2020-03-24 10:19:26',4,0,'Office',0,'12345','2020-03-24 10:19:26','N',NULL,NULL),(288,306,0,'ENTRY','2020-03-24 10:20:50',1,0,'Dghff',0,'12345','2020-03-24 10:20:50','N',NULL,NULL),(289,307,34,'ENTRY','2020-03-24 10:21:26',1,0,'test',0,'12345','2020-03-24 10:21:26','N',NULL,NULL),(290,308,0,'ENTRY','2020-03-24 10:22:30',4,0,'Office',0,'12345','2020-03-24 10:22:30','N',NULL,NULL),(291,309,0,'ENTRY','2020-03-24 10:23:21',1,0,'Fhdjf',0,'12345','2020-03-24 10:23:21','N',NULL,NULL),(292,310,36,'ENTRY','2020-03-24 10:24:00',4,0,'Ttpl',0,'12345','2020-03-24 10:24:00','N',NULL,NULL),(293,311,0,'ENTRY','2020-03-24 10:24:42',4,0,'Office',0,'12345','2020-03-24 10:24:42','N',NULL,NULL),(294,312,0,'ENTRY','2020-03-24 10:25:10',4,0,'Office',0,'12345','2020-03-24 10:25:10','N',NULL,NULL),(295,313,36,'ENTRY','2020-03-24 10:26:46',4,0,'Office',0,'12345','2020-03-24 10:26:46','N',NULL,NULL),(296,314,0,'ENTRY','2020-03-24 10:27:29',4,0,'Office',0,'12345','2020-03-24 10:27:29','N',NULL,NULL),(297,315,36,'ENTRY','2020-03-24 10:28:45',4,0,'Office',0,'12345','2020-03-24 10:28:45','N',NULL,NULL),(298,316,0,'ENTRY','2020-03-24 10:29:28',4,0,'Office',0,'12345','2020-03-24 10:29:28','N',NULL,NULL),(299,317,34,'ENTRY','2020-03-24 10:30:08',1,0,'test',0,'12345','2020-03-24 10:30:08','N',NULL,NULL),(300,318,0,'ENTRY','2020-03-24 10:30:59',4,0,'Office',0,'12345','2020-03-24 10:30:59','N',NULL,NULL),(301,319,0,NULL,'2020-03-24 00:00:00',4,0,'Daily Office at TTPL',0,NULL,'2020-03-24 00:00:00','N',NULL,NULL),(302,322,36,NULL,'2020-03-24 00:00:00',1,0,'party',0,NULL,'2020-03-24 00:00:00','N',NULL,NULL),(305,290,0,'EXIT','2020-03-24 17:44:07',4,0,'Office Close',1,'12345','2020-03-24 17:44:07',NULL,NULL,NULL),(306,33,0,'EXIT','2020-03-24 17:47:18',4,0,'Office Close',1,'12345','2020-03-24 17:47:18',NULL,NULL,NULL),(307,300,0,'EXIT','2020-03-24 17:50:34',5,0,'Work',1,'12345','2020-03-24 17:50:34',NULL,NULL,NULL),(308,310,0,'EXIT','2020-03-24 17:53:25',5,0,'Exit',1,'12345','2020-03-24 17:53:25',NULL,NULL,NULL),(309,277,0,'EXIT','2020-03-24 17:53:54',4,0,'Office closed',1,'12345','2020-03-24 17:53:54',NULL,NULL,NULL),(310,312,0,'EXIT','2020-03-24 17:54:38',4,0,'Exit',1,'12345','2020-03-24 17:54:38',NULL,NULL,NULL),(311,202,0,'EXIT','2020-03-24 17:59:55',5,0,'Office closed.',1,'12345','2020-03-24 17:59:55',NULL,NULL,NULL),(312,194,0,'EXIT','2020-03-24 18:00:56',5,0,'Office closed.',1,'12345','2020-03-24 18:00:56',NULL,NULL,NULL),(313,197,0,'EXIT','2020-03-24 18:01:06',4,0,'Exit',1,'12345','2020-03-24 18:01:06',NULL,NULL,NULL),(314,304,0,'EXIT','2020-03-24 18:03:20',5,0,'Office closed.',1,'12345','2020-03-24 18:03:20',NULL,NULL,NULL),(315,297,0,'EXIT','2020-03-24 18:03:20',4,0,'Office closed',1,'12345','2020-03-24 18:03:20',NULL,NULL,NULL),(316,302,0,'EXIT','2020-03-24 18:03:44',5,0,'Office closed',1,'12345','2020-03-24 18:03:44',NULL,NULL,NULL),(317,306,0,'EXIT','2020-03-24 18:03:54',5,0,'Office closed.',1,'12345','2020-03-24 18:03:54',NULL,NULL,NULL),(318,303,0,'EXIT','2020-03-24 18:04:27',5,0,'Exitnoffice',1,'12345','2020-03-24 18:04:27',NULL,NULL,NULL);

/*Table structure for table `guests` */

DROP TABLE IF EXISTS `guests`;

CREATE TABLE `guests` (
  `guest_id` int(11) NOT NULL AUTO_INCREMENT,
  `identification_no` varchar(255) NOT NULL,
  `identification_type_id` int(11) DEFAULT NULL,
  `nationality_id` int(11) DEFAULT NULL,
  `guest_name` varchar(255) DEFAULT NULL,
  `gender` char(1) DEFAULT NULL,
  `age` int(11) DEFAULT NULL,
  `present_address` text,
  `contact_no` int(11) DEFAULT NULL,
  `residing_across_border` enum('Y','N') DEFAULT 'N',
  `flag_status` enum('Y','N') DEFAULT NULL,
  PRIMARY KEY (`guest_id`,`identification_no`),
  KEY `identification_type_id` (`identification_type_id`),
  KEY `nationality_id` (`nationality_id`),
  CONSTRAINT `guests_ibfk_1` FOREIGN KEY (`identification_type_id`) REFERENCES `identificationtypes` (`identification_type_id`),
  CONSTRAINT `guests_ibfk_2` FOREIGN KEY (`nationality_id`) REFERENCES `nationality` (`nationality_id`)
) ENGINE=InnoDB AUTO_INCREMENT=336 DEFAULT CHARSET=utf8;

/*Data for the table `guests` */

insert  into `guests`(`guest_id`,`identification_no`,`identification_type_id`,`nationality_id`,`guest_name`,`gender`,`age`,`present_address`,`contact_no`,`residing_across_border`,`flag_status`) values (1,'11202002785',1,248,'Poojan Sharma','M',30,'Taba, Thimphu',17457592,'N',NULL),(2,'11202002785',1,248,'Poojan Sharma','M',30,'Taba, Thimphu',17457592,'N',NULL),(3,'11211002015',5,248,'Khem Lal Chhetri','F',30,'test',17128791,'N',NULL),(19,'11211002015',5,248,'Pem','M',30,'sdfsdf',17770808,'N',NULL),(20,'11504001199',1,248,'Sonam null Tobgay','M',30,'test',17457592,'Y',NULL),(21,'11504001199',1,248,'Sonam null Tobgay','M',30,'test',17457592,'Y',NULL),(22,'11505003191',1,248,'Ugyen null Dema','F',30,'TTPL',12345678,'Y',NULL),(23,'10905003115',1,248,'Sonam null Yuden','F',30,'TTPL, Bhutan',17777777,'Y',NULL),(24,'11513001649',1,248,'Tshewang null Dorji','M',30,'TTPL',12345678,'Y',NULL),(25,'11811001911',1,248,'Bhuwan Singh Gurung','M',30,'Babese',12345678,'Y',NULL),(26,'11513004045',1,248,'Pema null Zangmo','F',30,'TTPL.',17675255,'Y',NULL),(27,'TTPL-19',5,248,'Deki Yangzom','F',30,'TTPL',12345678,'N',NULL),(28,'TTPL-19',5,248,'Deki Yangzom','F',30,'TTPL',12345678,'Y',NULL),(33,'T-53559',3,248,'Choden  ','F',30,'TTPL',17163475,'Y',NULL),(34,'11208003921',1,248,'Om Bikram Puri','M',30,'Babesa',12345678,'Y',NULL),(35,'11306000985',1,248,'Tirtha Maya Rai','F',30,'TTPL',17736301,'Y',NULL),(36,'T-51200',3,248,'Sonam  Chophel','',30,'TTPL',17708401,'Y',NULL),(37,'T-51200',3,248,'Sonam  Chophel','M',30,'TTPL',17708401,'Y',NULL),(38,'T-51200',3,248,'Sonam  Chophel','M',30,'TTPL',17708401,'Y',NULL),(39,'11410006560',1,248,'Sonam  Zangmo','F',30,'Babesa',12345678,'Y',NULL),(40,'12005001155',1,248,'Tandin null Wangmo','F',30,'Olokha',12345678,'Y',NULL),(41,'10714002163',1,248,'Ngawang null Choden','F',30,'Gref Canteen',12345678,'Y',NULL),(42,'10203003560',1,248,'Lhawang null Zangmo','F',30,'Lungtencphu',12345678,'Y',NULL),(43,'11101002597',1,248,'Tshering null Choden','F',30,'Babesa',12345678,'Y',NULL),(44,'11605002503',1,248,'Tshechemo null null','F',30,'TTPL',17777777,'Y',NULL),(45,'11807001527',1,248,'Jamuna null Rai','F',30,'TTPL',17922454,'Y',NULL),(46,'12007002614',1,248,'Tshering null Yangchen','F',30,'Babesa',12345678,'Y',NULL),(47,'11105004181',1,248,'Drukjay null Zangmo','F',30,'TTPL',17930588,'Y',NULL),(50,'11104001069',1,248,'Sonam null Yeshi','M',30,'TTPL',17779511,'Y',NULL),(51,'10706001023',1,248,'Leki null Wangmo','F',30,'TTPL',17445640,'Y',NULL),(52,'10904000220',1,248,'Pema null Cheki','F',30,'TTPL',17839588,'Y',NULL),(53,'11501002557',1,248,'Pema null Seldon','F',30,'Simtokha',12345678,'Y',NULL),(54,'11106004492',1,248,'Tshering null Zangmo','F',30,'TTPL',17689291,'Y',NULL),(58,'10302002608',1,248,'Sonam null Wangchuk','M',30,'TTPL',17757836,'Y',NULL),(60,'11501001275',1,248,'Chimi null Choden','F',30,'',17431465,'Y',NULL),(61,'11506001328',1,248,'Sonam null Yuden','F',30,'Babesa',12345678,'Y',NULL),(62,'10207001899',1,248,'Kinlay  Penjor','M',30,'',17659294,'Y',NULL),(63,'11605002743',1,248,'Tshering null Zangmo','F',30,'Olokha',12345678,'Y',NULL),(64,'11213002037',1,248,'Sita Maya Ghaley','F',30,'',17305495,'Y',NULL),(65,'11213002037',1,248,'Sita Maya Ghaley','F',30,'',17305495,'Y',NULL),(66,'10711001126',1,248,'Dorji null Wangmo','F',30,'Serbithang',12345678,'Y',NULL),(67,'10101003367',1,248,'Ugyen null Choden','F',30,'Chanjiji colony',17810798,'Y',NULL),(68,'11102007923',1,248,'Samten null Dema','F',30,'CSD Canteen',12345678,'Y',NULL),(69,'10604001721',1,248,'Lhendup null Lhamo','F',30,'Surveythang',17421460,'Y',NULL),(70,'10604001721',1,248,'Lhendup null Lhamo','F',30,'Surveythang',17421460,'Y',NULL),(71,'11906000118',1,248,'Tshering null Namgay','M',30,'Changangkha',12345678,'Y',NULL),(72,'11903000350',1,248,'Phub null Dem','F',30,'',173885461,'Y',NULL),(73,'11213000672',1,248,'Dechen null Lhamo','F',30,'Dechencholing',12345678,'Y',NULL),(75,'11410002670',1,248,'Dechen null Wangmo','F',30,'Olokha',77389568,'Y',NULL),(77,'10605001154',1,248,'Karma null Yangzom','F',30,'Taba',17751102,'Y',NULL),(78,'11401001592',1,248,'Tshewang null Dorji','M',30,'Swiming Pool',12345678,'Y',NULL),(80,'11604001931',1,248,'Cheki null Dema','F',30,'Changjiji',77478289,'Y',NULL),(83,'11102001778',1,248,'Dechen  Pema','F',30,'lanjophaka',17238916,'Y',NULL),(84,'11501003043',1,248,'Tendel null Zangmo','F',30,'Olokha',12345678,'Y',NULL),(85,'12003000205',1,248,'Rinchen null Yangzom','F',30,'Babesa',12345678,'Y',NULL),(86,'11107006885',1,248,'Tenzin null Lhamo','F',30,'changzamtog',17995527,'Y',NULL),(87,'11104000678',1,248,'Pema null Choden','F',30,'Babesa',12345678,'Y',NULL),(88,'11401000250',1,248,'Chimi null Om','F',30,'babesa',17446616,'Y',NULL),(89,'10807002088',1,248,'Seday null Wangmo','F',30,'Olokha',12345678,'Y',NULL),(90,'11811003601',1,248,'Kinzang Wangmo Tamang','F',30,'babesa',17537617,'Y',NULL),(91,'11505002984',1,248,'Kinga null Wangmo','F',30,'Lungtenphu',12345678,'Y',NULL),(92,'12004000184',1,248,'Ugyen null Choki','F',30,'moththang',17510474,'Y',NULL),(93,'12005000512',1,248,'Dorji null Rinchen','M',30,'Chubachu',12345678,'Y',NULL),(94,'11003000261',1,248,'Tshering null Yangden','F',30,'gidakom',17435608,'Y',NULL),(95,'11501000028',1,248,'Yeshi null Wangchuk','M',30,'Motihtang',12345678,'Y',NULL),(96,'12007003302',1,248,'Leki null Dema','F',30,'babesa',17770353,'Y',NULL),(97,'11810000880',1,248,'Bishal null Jogi','M',30,'Olokha',12345678,'Y',NULL),(98,'11516002397',1,248,'Namgay null Zam','F',30,'babesa',17966205,'Y',NULL),(99,'11106004493',1,248,'Tshering null Karjay','M',30,'Olokha',12345678,'Y',NULL),(100,'11516002397',1,248,'Namgay null Zam','F',30,'babesa',17966205,'Y',NULL),(101,'10906002037',1,248,'Karma null Yangki','F',30,'Babesa',12345678,'Y',NULL),(103,'11903000500',1,248,'Kencho null Zam','F',30,'Olokha',17355923,'Y',NULL),(104,'10906002735',1,248,'Kelzang null Lhamo','F',30,'Olokha',12345678,'Y',NULL),(105,'10303001488',1,248,'Padam Moti Subba','F',30,'Babesa',77373215,'Y',NULL),(106,'10703000819',1,248,'Jambay  Dema','F',30,'Olokha',12345678,'Y',NULL),(107,'10702000064',1,248,'Tashi null Choden','F',30,'Town',12345678,'Y',NULL),(108,'11801001103',1,248,'Lachi Maya Monger','F',30,'Olokha',77414631,'Y',NULL),(109,'11606000170',1,248,'Yeshi null Dorji','M',30,'Chanjiji',12345678,'Y',NULL),(110,'12005000067',1,248,'Pema null Ngazom','F',30,'Changbangdu',17343640,'Y',NULL),(112,'10906000623',1,248,'Dupchu null Wangmo','F',30,'',17949301,'Y',NULL),(113,'11506003758',1,248,'Tshewang null Zangmo','F',30,'Babesa',12345678,'Y',NULL),(114,'10906002075',1,248,'Karma null Choden','F',30,'babesa',17503097,'Y',NULL),(115,'10904000990',1,248,'Sangay null Cheda','M',30,'Olokha',12345678,'Y',NULL),(116,'10607000817',1,248,'Chimi null Dem','F',30,'ungtenphu',17494155,'Y',NULL),(117,'10705004274',1,248,'Yenten null Dorji','M',30,'RBP Camp',12345678,'Y',NULL),(118,'11704002020',1,248,'Ugyen null Tshomo','F',30,'babesa',17771909,'Y',NULL),(119,'11704002020',1,248,'Ugyen null Tshomo','F',30,'babesa',17771909,'Y',NULL),(120,'10904000973',1,248,'Dawa null Seldon','F',30,'Jungshina',12345678,'Y',NULL),(121,'10711002717',1,248,'Sangay null Dema','F',30,'babesa',0,'Y',NULL),(122,'10903002654',1,248,'Dechen null Wangmo','F',30,'Jungshina',12345678,'Y',NULL),(123,'11405000897',1,248,'Kelzang null Tshering','M',30,'babesa',0,'Y',NULL),(124,'11602000868',1,248,'Tashi null Norbu','M',30,'Olokha',0,'Y',NULL),(125,'11107004261',1,248,'Tobden null null','M',30,'Olokha',17619749,'Y',NULL),(126,'11312003871',1,248,'Nima null Samdrup','M',30,'Babesa',17918190,'Y',NULL),(127,'12001000045',1,248,'Kelzang null Dema','F',30,'Babesa',17234857,'Y',NULL),(128,'11103001539',1,248,'Deki null Choden','F',30,'Babesa',17336381,'Y',NULL),(129,'11411002736',1,248,'Kinley null Wangchuk','M',30,'Babesa',17601211,'Y',NULL),(130,'10705000773',1,248,'Pema null Choden','F',30,'Babesa',17355307,'Y',NULL),(131,'10907000297',1,248,'Pema null Lhamo','F',30,'Babesa',77735693,'Y',NULL),(132,'11312001653',1,248,'Phuntsho null Dema','F',30,'Babesa',17813935,'Y',NULL),(133,'11312001653',1,248,'Phuntsho null Dema','F',30,'Babesa',17813935,'Y',NULL),(134,'12004001607',1,248,'Sonam null Dema','F',30,'Lugtenphu',77652758,'Y',NULL),(135,'11604002379',1,248,'Sonam null Jamtsho','M',30,'Babesa',17352083,'Y',NULL),(136,'10302002847',1,248,'Sonam null Zangmo','F',30,'Lugtenphu',17593990,'Y',NULL),(138,'10705001364',1,248,'Nima null Choden','F',30,'Babesa',17778926,'Y',NULL),(139,'11503004488',1,248,'Sonam null Choden','F',30,'Babesa',17435767,'Y',NULL),(140,'11107005253',1,248,'Pema null Yuden','F',30,'Lungtenphu',77745790,'Y',NULL),(141,'10904000479',1,248,'Sonam null Lhadon','F',30,'Babesa',17333662,'Y',NULL),(142,'11111002068',1,248,'Meto null Dema','F',30,'Lungtenphu',17680152,'Y',NULL),(143,'10904001383',1,248,'Nima null Zangmo','F',30,'Babesa',17285797,'Y',NULL),(144,'11002002229',1,248,'Tshering null Lhamo','F',30,'Lungtenphu',17355802,'Y',NULL),(145,'10208001384',1,248,'Tshering null Choden','F',30,'babesa',17313207,'Y',NULL),(146,'11509001384',1,248,'Dechen null Zangmo','F',30,'Babesa',17946044,'Y',NULL),(147,'11216002825',1,248,'Meena null Mongar','F',30,'Babesa',17586745,'Y',NULL),(148,'11812001912',1,248,'Namgay null Dema','F',30,'Babesa',77373728,'Y',NULL),(149,'10706000356',1,248,'Sangay null Dendup','M',30,'Simtokha',17934339,'Y',NULL),(150,'11510003451',1,248,'Tashi null Wangmo','F',30,'Babesa',17719890,'Y',NULL),(151,'10906002535',1,248,'Lungten null Choden','F',30,'Babesa',17824055,'Y',NULL),(152,'11004000875',1,248,'Dawa null Dem','F',30,'Swimming Pool',17424243,'Y',NULL),(153,'10207002382',1,248,'Tshering null Yangzom','F',30,'babesa',17488109,'Y',NULL),(154,'10205007320',1,248,'Puspa Maya Chhetri','F',30,'Babesa',17844398,'Y',NULL),(155,'10710000506',1,248,'Ugyen null Tshomo','F',30,'Babesa',17828797,'Y',NULL),(156,'11101002029',1,248,'Pema null Tshomo','F',30,'babesa',17549304,'Y',NULL),(157,'10902001832',1,248,'Karma null Cheden','F',30,'`Lungtenphu',17717885,'Y',NULL),(158,'11911001473',1,248,'Kinley null Dem','F',30,'Babesa',17375544,'Y',NULL),(159,'11808001957',1,248,'Tshering null Lhamo','F',30,'Lugtenphu',77356643,'Y',NULL),(160,'11101002027',1,248,'Lungten null Wangmo','F',30,'Babesa',17250641,'Y',NULL),(162,'11803001759',1,248,'Sangay null Wangmo','F',30,'Babesa',17331216,'Y',NULL),(163,'11515002302',1,248,'Karma null Cheki','F',30,'Kabisa',17980946,'Y',NULL),(164,'10709000682',1,248,'Passang null Dorji','M',30,'Babesa',17287361,'Y',NULL),(165,'10716001149',1,248,'Yeshi null Tshomo','F',30,'Lungtenphu',17306308,'Y',NULL),(166,'10905000179',1,248,'Tshering null Wangmo','F',30,'Babesa',17480584,'Y',NULL),(168,'11213002029',1,248,'Bhuma null Ghalley','F',30,'changzamtog',17549553,'Y',NULL),(169,'10901001593',1,248,'Kezang null Chojay','M',30,'Olokha',17287879,'Y',NULL),(170,'00000000000',1,248,'Manisha Lama','F',30,'Babesa',17738851,'Y',NULL),(171,'10713000537',1,248,'Sangay null Dema','F',30,'Lungtenphu',17344573,'Y',NULL),(172,'11811000750',1,248,'Kishor null Subba','M',30,'Babesa',17423303,'Y',NULL),(173,'10502000506',1,248,'Karma Jigme Wangchuk','M',30,'Hejo',77405247,'Y',NULL),(174,'10102002934',1,248,'Sonam null Dorji','M',30,'Babesa',17861355,'Y',NULL),(175,'11513001576',1,248,'Muku null ','F',30,'Babesa',17729477,'Y',NULL),(176,'T-73502',3,248,'Karma chophel','M',30,'BABESA',17872716,'Y',NULL),(177,'10209001991',1,248,'Pema null Zam','F',30,'Babesa',17550237,'Y',NULL),(178,'10301001809',1,248,'Sandez  Subba','M',30,'BABESA',77659978,'Y',NULL),(179,'11514000194',1,248,'Tenzin null Dekar','F',30,'Babesa',17585542,'Y',NULL),(180,'11410000791',1,248,'Tshering null Chokey','F',30,'CHAGJIJI',17376178,'Y',NULL),(182,'11608003490',1,248,'Kezang null Wangdi','M',30,'Babesa',77444196,'Y',NULL),(183,'11602000011',1,248,'Tashi null Chodar','M',30,'BABESA',17430397,'Y',NULL),(184,'10808001171',1,248,'Nima null Tenzin','M',30,'Babesa',17727183,'Y',NULL),(185,'10906000016',1,248,'Sangay null Tshomo','F',30,'BABESA',17946218,'Y',NULL),(186,'11504003711',1,248,'Tshewang null Choden','F',30,'Babesa',17907151,'Y',NULL),(187,'12007001860',1,248,'Norbu null Choden','F',30,'SERVYTHANG',17521322,'Y',NULL),(188,'11801000237',1,248,'Manju null Tamang','F',30,'Babesa',17431870,'Y',NULL),(189,'11106002268',1,248,'Norbu null Gyelmo','F',30,'BABESA',17481893,'Y',NULL),(190,'10905000843',1,248,'Leki null Wangmo','F',30,'Changzamtog',17636311,'Y',NULL),(191,'11109000069',1,248,'Adam null Gurung','M',30,'CHANGZAMTOG',17856981,'Y',NULL),(192,'11303003454',1,248,'Sonam null Choden','F',30,'Babesa',77371836,'Y',NULL),(194,'11303005019',1,248,'Noyal  Rai','M',30,'babesa',17651248,'Y',NULL),(195,'10605003409',1,248,'Thinley null Jamtsho','M',30,'Olokha',17550612,'Y',NULL),(196,'10104000184',1,248,'Pema null Wangyel','M',30,'Babesa',17577455,'Y',NULL),(197,'10302001789',1,248,'Sangay null Penjor','M',30,'Chanjiji',17852729,'Y',NULL),(198,'10201002955',1,248,'Sonam null Tamang','M',30,'babesa',77330240,'Y',NULL),(199,'11311001042',1,248,'Sujata null Pradhan','F',30,'Babesa',17260592,'Y',NULL),(200,'PD-12256',3,248,'Subash Thapa  ','M',30,'Vabesa',17736203,'Y',NULL),(201,'PD-12256',3,248,'Subash Thapa  ','M',30,'Vabesa',17736203,'Y',NULL),(202,'11101003287',1,248,'Tshedup null Gyeltshen','M',30,'Changzamtog',17495867,'Y',NULL),(203,'11704000917',1,248,'Phuntsho null Dem','F',30,'Servythang',17289475,'Y',NULL),(204,'11604001693',1,248,'Karma null Dupchu','M',30,'Babesa',17324501,'Y',NULL),(205,'12007002763',1,248,'Neten null Wangmo','F',30,'Olokha',17414307,'Y',NULL),(206,'10907001948',1,248,'Yeshi null Lhamo','F',30,'Babesa',77242735,'Y',NULL),(207,'11208000212',1,248,'Pema null Gempo','M',30,'Babesa',17734242,'Y',NULL),(209,'10713000635',1,248,'Pema null Lhaden','F',30,'babesa',17828820,'Y',NULL),(210,'11515000107',1,248,'Namgay null Lhamo','F',30,'bABESA',17230904,'Y',NULL),(211,'11605002880',1,248,'Tshering  Dema','F',30,'RICB Colony',77204897,'Y',NULL),(213,'31303000037',1,248,'Lok Maya Ghalley','F',30,'Changzamtog',17885942,'Y',NULL),(214,'12002001740',1,248,'Dorji null Tshezom','F',30,'Babesa',17587806,'Y',NULL),(215,'11106002323',1,248,'Ugyen null Penjor','M',30,'Babesa',17385924,'Y',NULL),(216,'11506003761',1,248,'Tshering null Zangmo','F',30,'Babesa',17998731,'Y',NULL),(217,'10904002915',1,248,'Kuenzang null Thinley','M',30,'Changjalu',17954631,'Y',NULL),(218,'10706002359',1,248,'Sonam null Lhamo','F',30,'Babesa',17964943,'Y',NULL),(219,'11410002036',1,248,'Sonam null Choki','F',30,'Olakha',17354814,'Y',NULL),(221,'11512002848',1,248,'Tshering null Zangmo','F',30,'Changgangkha',177659013,'Y',NULL),(222,'10502000846',1,248,'Gaga null null','F',30,'Babesas',17415616,'Y',NULL),(223,'10502001229',1,248,'Tashi null Wangmo','F',30,'Babesa',17415213,'Y',NULL),(224,'11701000015',1,248,'Jamtsho null null','M',30,'Kawang, Thimphu',17347532,'Y',NULL),(225,'10805000238',1,248,'Chimi null Zangmo','F',30,'Babesas',17517242,'Y',NULL),(226,'12001005400',1,248,'Nima null Wangchuk','M',30,'Kabesa',17303098,'Y',NULL),(227,'10303000107',1,248,'Santa Bir Gurung','M',30,'Babesa',17359557,'Y',NULL),(228,'T-63419',3,248,'Sangay   Wangchuk','M',30,'Babesa',17321402,'Y',NULL),(229,'11508002199',1,248,'Ngawang null Chogyal','M',30,'Babesa, IT Park',17941616,'Y',NULL),(230,'31309000238',1,248,'Bishnu Maya Ghalley','F',30,'Babesa',17958483,'Y',NULL),(231,'11602002588',1,248,'Sangay null Wangmo','F',30,'Changzamtog',17714713,'Y',NULL),(232,'11504000090',1,248,'Dorji null Pelden','F',30,'Babesa',17974637,'Y',NULL),(233,'10716002236',1,248,'Pema null Choden','F',30,'Near IT Park',17893646,'Y',NULL),(234,'11513004225',1,248,'Ugyen null Zangmo','F',30,'Babesa',17575317,'Y',NULL),(235,'12003000548',1,248,'Yeshi null Choden','F',30,'Babesa',17341365,'Y',NULL),(236,'10905001914',1,248,'Yeshi null Chophel','M',30,'Babesa, IT Park',17515619,'Y',NULL),(237,'11303002708',1,248,'Tshewang null Lhendup','M',30,'Babesa',17472595,'Y',NULL),(238,'11915001733',1,248,'Yeshey null Zangmo','F',30,'Babesa',17535202,'Y',NULL),(239,'10705003212',1,248,'Kinga null Lhamo','F',30,'Bebesa',17770642,'Y',NULL),(240,'11102005533',1,248,'Dawa null Gyelpo','M',30,'Babesa',17251102,'Y',NULL),(241,'10907001791',1,248,'Rinchen null Gyeltshen','M',30,'Chubachu',17662174,'Y',NULL),(242,'11515001534',1,248,'Sonam null Lhamo','F',30,'Babesa',17465462,'Y',NULL),(243,'11515000844',1,248,'Lhaki null Wangmo','F',30,'Babesa',17999968,'Y',NULL),(244,'11805002244',1,248,'Jeewan  Monger','M',30,'Babesa',17261347,'Y',NULL),(245,'10706001067',1,248,'Dorji null Dema','F',30,'babesa',17950487,'Y',NULL),(246,'10705001368',1,248,'Tshering null Peldon','F',30,'Babesa',17585073,'Y',NULL),(247,'11514003999',1,248,'Kinley null Zangmo','F',30,'Babesa',17312318,'Y',NULL),(248,'11512002107',1,248,'Tandin null Tshomo','F',30,'Babesa',17386768,'Y',NULL),(250,'10205000533',1,248,'Anita Kumari Adhikari','F',30,'Babesa',17825396,'Y',NULL),(251,'10906002036',1,248,'Karma null Yuden','F',30,'babesa',17572082,'Y',NULL),(252,'11704002911',1,248,'Choeki null Wangmo','F',30,'Babesa',17206028,'Y',NULL),(253,'10905003112',1,248,'Sonam null Wangmo','F',30,'Babesa',16928223,'Y',NULL),(254,'11510000125',1,248,'Nidup null Zangmo','F',30,'Babesa',17708362,'Y',NULL),(255,'11303002771',1,248,'Tandin null Wangmo','F',30,'Babesa',17499245,'Y',NULL),(256,'11607000915',1,248,'Phurpa null Tshering','M',30,'Semtokha',17307460,'Y',NULL),(257,'10605000624',1,248,'Sonam null Tshomo','F',30,'changzamtog',77203554,'Y',NULL),(258,'11910000702',1,248,'Tenzin null Choden','F',30,'Babesa',17433743,'Y',NULL),(259,'11212000619',1,248,'Rakesh Kumar Rai','M',30,'Changbangdu',17280297,'Y',NULL),(260,'10709003642',1,248,'Chimi null Rinzin','M',30,'Babesa',17933511,'Y',NULL),(261,'11308002569',1,248,'Sonam  Tobgay','M',30,'Olakha',77219350,'Y',NULL),(262,'11410001635',1,248,'Tshomo Phintsho Dorji','F',30,'Jungshina',17432484,'Y',NULL),(263,'11607000242',1,248,'Tashi null Dorji','M',30,'Surveythang',17344964,'Y',NULL),(264,'11008001669',1,248,'Tandin null Lham','F',30,'Babesa',77377219,'Y',NULL),(265,'12002001497',1,248,'Kinzang null Dema','F',30,'Babesa',17390942,'Y',NULL),(266,'11605002022',1,248,'Tandin null Wangdi','M',30,'Babesa',17770949,'Y',NULL),(267,'11215000428',1,248,'Kumari null Rai','F',30,'Babesa',77791266,'Y',NULL),(268,'10308002521',1,248,'Durga Maya Biswa','F',30,'Babesa',17923746,'Y',NULL),(269,'12007001184',1,248,'Kinzang null Dendup','M',30,'Babesa',17778161,'Y',NULL),(270,'10308002521',1,248,'Durga Maya Biswa','F',30,'Babesa',17923746,'Y',NULL),(271,'11503000176',1,248,'Dendup null Gyeltshen','M',30,'Babed=sa',17491468,'Y',NULL),(272,'10308002521',1,248,'Durga Maya Biswa','F',30,'Babesa',17923746,'Y',NULL),(273,'10308002521',1,248,'Durga Maya Biswa','F',30,'Babesa',17923746,'Y',NULL),(274,'11203002111',1,248,'Malsuri null Rai','F',30,'Babesa',77842874,'Y',NULL),(275,'11510003454',1,248,'Kinley null Dema','F',30,'Babesa',77617468,'Y',NULL),(276,'11510003454',1,248,'Kinley null Dema','F',30,'Babesa',77617468,'Y',NULL),(277,'11208000302',1,248,'Pema null Tshering','M',30,'Babesa',17475536,'Y',NULL),(278,'11801001265',1,248,'Kesang Dolma Tamang','F',30,'Test',17853487,'Y',NULL),(279,'11308000573',1,248,'Raj Kumar Kami','M',30,'Babesa',17757183,'Y',NULL),(280,'10203005497',1,248,'Nima null Lhamo','F',30,'Babesa',1799567,'Y',NULL),(281,'10605000208',1,248,'Nima null null','F',30,'Test',77639402,'Y',NULL),(282,'10709002579',1,248,'Kezang null Dorji','M',30,'Babesa',17625812,'Y',NULL),(283,'11503001873',1,248,'Tshering null Choki','F',30,'Town',17230650,'Y',NULL),(284,'11516002884',1,248,'Sonam null Yuden','F',30,'Test',17444563,'Y',NULL),(285,'11516002884',1,248,'Sonam null Yuden','F',30,'Test',17444563,'Y',NULL),(286,'10603002397',1,248,'Ugyen null Rinzin','M',30,'Babesa',17436982,'Y',NULL),(287,'12004003443',1,248,'Yeshey null Choden','F',30,'Test',17822372,'Y',NULL),(288,'10904000129',1,248,'Karma null Tshewang','M',30,'Babesa',77765820,'Y',NULL),(289,'10702001502',1,248,'Tashi null Dendup','M',30,'Babesa',17454207,'Y',NULL),(290,'11503000177',1,248,'Deki null Yangdon','F',30,'Ttpl',17323976,'Y',NULL),(291,'10904000481',1,248,'Rinchen null Lhadon','F',30,'Test',17583493,'Y',NULL),(292,'11508000108',1,248,'Sonam null Yeshi','M',30,'Babesa',17455829,'Y',NULL),(293,'10211004684',1,248,'Ashis  Subba','M',30,'Olokha',17783881,'Y',NULL),(294,'11812001691',1,248,'Nar Maya Limbu','F',30,'Ttpl',17609904,'Y',NULL),(295,'11913000757',1,248,'Dorji null Dem','F',30,'Ttpl',35,'Y',NULL),(296,'11512001894',1,248,'Jangchuk null Lhamo','F',30,'Babesa',17616307,'Y',NULL),(297,'11101003845',1,248,'Tshultrim null Zangpo','M',30,'Babesa',17767362,'Y',NULL),(298,'10205005101',1,248,'Yogen null Thapa','M',30,'Ttpl',16923164,'Y',NULL),(299,'10205005101',1,248,'Yogen null Thapa','M',30,'Ttpl',16923164,'Y',NULL),(300,'11506002024',1,248,'Chundu null Doji','M',30,'Babesa',17386349,'Y',NULL),(301,'11514001405',1,248,'Sonam null Zangmo','F',30,'Jungshina',17987153,'Y',NULL),(302,'10907000220',1,248,'Changa null Lhamo','F',30,'Babesa',17947924,'Y',NULL),(303,'11307003565',1,248,'Layleena  Rai','F',30,'Babesa',17907309,'Y',NULL),(304,'10204000010',1,248,'Passang null Lhamo','F',30,'Ttpl',17471473,'Y',NULL),(305,'11008001358',1,248,'Tshering null Choden','F',30,'Taba',17335138,'Y',NULL),(306,'10602001179',1,248,'Deki null Wangmo','F',30,'Babesa',17350558,'Y',NULL),(307,'10904000670',1,248,'Tenzin null Dorji','M',30,'Babesa',17946108,'Y',NULL),(308,'10605000218',1,248,'Sonam null Peldon','F',30,'Babesa',77893746,'Y',NULL),(309,'11513001152',1,248,'Dechen null Wangmo','F',30,'Babesa',17446690,'Y',NULL),(310,'11607000888',1,248,'Tshendu null Gyeltshen','M',30,'Ttpl',17395008,'Y',NULL),(311,'11212000963',1,248,'Nima Zangmo Lepcha','F',30,'Babesa',17685816,'Y',NULL),(312,'10301000512',1,248,'Moti Maya Monger','F',30,'Babesa',17513169,'Y',NULL),(313,'11106002914',1,248,'Tshering null Choden','F',30,'Ttpl',17332754,'Y',NULL),(314,'11410005014',1,248,'Dorji null Tshomo','F',30,'Chubachu',17630840,'Y',NULL),(315,'10907001564',1,248,'Namgay null Wangchuk','M',30,'Ttpl',179820381,'Y',NULL),(316,'11906000711',1,248,'Kinley  Yangzom','F',30,'Babesa',17905426,'Y',NULL),(317,'10906000511',1,248,'Yonten null Chodon','F',30,'Babesa',17955548,'Y',NULL),(318,'11505003233',1,248,'Sangay null Gyeltshen','M',30,'Lungtenphu',77783857,'Y',NULL),(319,'10304000791',1,248,'Purna Kumar Chhetri','M',30,'TTPL',0,'Y',NULL),(320,'123a',5,248,'Zedenmo','F',30,'Chinese line',17333056,'N',NULL),(321,'123a',5,248,'Zedenmo','F',30,'Chinese line',17333056,'N',NULL),(322,'123a',5,248,'Zedenmo','F',30,'Chinese line',17333056,'Y',NULL),(326,'11102004189',1,248,'Jampel null Ngidup','M',30,'thimphu',17618979,'Y',NULL),(327,'11102004189',1,248,'Jampel null Ngidup','M',30,'thimphu',17618979,'Y',NULL),(328,'11102004189',1,248,'Jampel null Ngidup','M',30,'thimphu',17618979,'Y',NULL),(329,'11102004189',1,248,'Jampel null Ngidup','M',30,'thimphu',17618979,'Y',NULL),(330,'11102004189',1,248,'Jampel null Ngidup','M',30,'thimphu',17618979,'Y',NULL),(331,'11102004189',1,248,'Jampel null Ngidup','M',30,'thimphu',17618979,'Y',NULL),(332,'11102004189',1,248,'Jampel null Ngidup','M',30,'thimphu',17618979,'Y',NULL),(333,'11102004189',1,248,'Jampel null Ngidup','M',30,'thimphu',17618979,'Y',NULL),(334,'11102004189',1,248,'Jampel null Ngidup','M',30,'thimphu',17618979,'Y',NULL),(335,'11102004189',1,248,'Jampel null Ngidup','M',30,'thimphu',17618979,'Y',NULL);

/*Table structure for table `identificationtypes` */

DROP TABLE IF EXISTS `identificationtypes`;

CREATE TABLE `identificationtypes` (
  `identification_type_id` int(11) NOT NULL AUTO_INCREMENT,
  `identification_type` varchar(255) DEFAULT NULL,
  PRIMARY KEY (`identification_type_id`)
) ENGINE=InnoDB AUTO_INCREMENT=10 DEFAULT CHARSET=utf8;

/*Data for the table `identificationtypes` */

insert  into `identificationtypes`(`identification_type_id`,`identification_type`) values (1,'CID'),(2,'Work Permit'),(3,'Driving License'),(4,'Passport'),(5,'Barcode');

/*Table structure for table `nationality` */

DROP TABLE IF EXISTS `nationality`;

CREATE TABLE `nationality` (
  `nationality_id` int(11) NOT NULL AUTO_INCREMENT,
  `nationality` varchar(255) DEFAULT NULL,
  PRIMARY KEY (`nationality_id`)
) ENGINE=InnoDB AUTO_INCREMENT=253 DEFAULT CHARSET=utf8;

/*Data for the table `nationality` */

insert  into `nationality`(`nationality_id`,`nationality`) values (1,'Afghanistan'),(2,'Albania'),(3,'Antarctica'),(4,'Algeria'),(5,'American Samoa'),(6,'Andorra'),(7,'Angola'),(8,'Antigua and Barbuda'),(9,'Azerbaijan'),(10,'Argentina'),(11,'Australia'),(12,'Austria'),(13,'Bahamas'),(14,'Bahrain'),(15,'Bangladesh'),(16,'Armenia'),(17,'Barbados'),(18,'Belgium'),(19,'Bermuda'),(20,'Bolivia'),(21,'Bosnia and Herzegovina'),(22,'Botswana'),(23,'Bouvet Island'),(24,'Brazil'),(25,'Belize'),(26,'British Indian Ocean Territory'),(27,'Solomon Islands'),(28,'British Virgin Islands'),(29,'Brunei'),(30,'Bulgaria'),(31,'Myanmar'),(32,'Burundi'),(33,'Belarus'),(34,'Cambodia'),(35,'Cameroon'),(36,'Canada'),(37,'Cape Verde'),(38,'Cayman Islands'),(39,'Central African Republic'),(40,'Sri Lanka'),(41,'Chad'),(42,'Chile'),(43,'China'),(44,'Taiwan'),(45,'Christmas Island'),(46,'Cocos Islands'),(47,'Colombia'),(48,'Comoros'),(49,'Mayotte'),(50,'Republic of the Congo'),(51,'Democratic Republic of the Congo'),(52,'Cook Islands'),(53,'Costa Rica'),(54,'Croatia'),(55,'Cuba'),(56,'Cyprus'),(57,'Czech Republic'),(58,'Benin'),(59,'Denmark'),(60,'Dominica'),(61,'Dominican Republic'),(62,'Ecuador'),(63,'El Salvador'),(64,'Equatorial Guinea'),(65,'Ethiopia'),(66,'Eritrea'),(67,'Estonia'),(68,'Faroe Islands'),(69,'Falkland Islands'),(70,'South Georgia and the South Sandwich Islands'),(71,'Fiji'),(72,'Finland'),(73,'Aland Islands'),(74,'France'),(75,'French Guiana'),(76,'French Polynesia'),(77,'French Southern Territories'),(78,'Djibouti'),(79,'Gabon'),(80,'Georgia'),(81,'Gambia'),(82,'Palestinian Territory'),(83,'Germany'),(84,'Ghana'),(85,'Gibraltar'),(86,'Kiribati'),(87,'Greece'),(88,'Greenland'),(89,'Grenada'),(90,'Guadeloupe'),(91,'Guam'),(92,'Guatemala'),(93,'Guinea'),(94,'Guyana'),(95,'Haiti'),(96,'Heard Island and McDonald Islands'),(97,'Vatican'),(98,'Honduras'),(99,'Hong Kong'),(100,'Hungary'),(101,'Iceland'),(102,'India'),(103,'Indonesia'),(104,'Iran'),(105,'Iraq'),(106,'Ireland'),(107,'Israel'),(108,'Italy'),(109,'Ivory Coast'),(110,'Jamaica'),(111,'Japan'),(112,'Kazakhstan'),(113,'Jordan'),(114,'Kenya'),(115,'North Korea'),(116,'South Korea'),(117,'Kuwait'),(118,'Kyrgyzstan'),(119,'Laos'),(120,'Lebanon'),(121,'Lesotho'),(122,'Latvia'),(123,'Liberia'),(124,'Libya'),(125,'Liechtenstein'),(126,'Lithuania'),(127,'Luxembourg'),(128,'Macao'),(129,'Madagascar'),(130,'Malawi'),(131,'Malaysia'),(132,'Maldives'),(133,'Mali'),(134,'Malta'),(135,'Martinique'),(136,'Mauritania'),(137,'Mauritius'),(138,'Mexico'),(139,'Monaco'),(140,'Mongolia'),(141,'Moldova'),(142,'Montenegro'),(143,'Montserrat'),(144,'Morocco'),(145,'Mozambique'),(146,'Oman'),(147,'Namibia'),(148,'Nauru'),(149,'Nepal'),(150,'Netherlands'),(151,'Netherlands Antilles'),(152,'Aruba'),(153,'New Caledonia'),(154,'Vanuatu'),(155,'New Zealand'),(156,'Nicaragua'),(157,'Niger'),(158,'Nigeria'),(159,'Niue'),(160,'Norfolk Island'),(161,'Norway'),(162,'Northern Mariana Islands'),(163,'United States Minor Outlying Islands'),(164,'Micronesia'),(165,'Marshall Islands'),(166,'Palau'),(167,'Pakistan'),(168,'Panama'),(169,'Papua New Guinea'),(170,'Paraguay'),(171,'Peru'),(172,'Philippines'),(173,'Pitcairn'),(174,'Poland'),(175,'Portugal'),(176,'Guinea-Bissau'),(177,'East Timor'),(178,'Puerto Rico'),(179,'Qatar'),(180,'Reunion'),(181,'Romania'),(182,'Russia'),(183,'Rwanda'),(184,'Saint Barthlemy'),(185,'Saint Helena'),(186,'Saint Kitts and Nevis'),(187,'Anguilla'),(188,'Saint Lucia'),(189,'Saint Martin'),(190,'Saint Pierre and Miquelon'),(191,'Saint Vincent and the Grenadines'),(192,'San Marino'),(193,'Sao Tome and Principe'),(194,'Saudi Arabia'),(195,'Senegal'),(196,'Serbia'),(197,'Seychelles'),(198,'Sierra Leone'),(199,'Singapore'),(200,'Slovakia'),(201,'Vietnam'),(202,'Slovenia'),(203,'Somalia'),(204,'South Africa'),(205,'Zimbabwe'),(206,'Spain'),(207,'Western Sahara'),(208,'Sudan'),(209,'Suriname'),(210,'Svalbard and Jan Mayen'),(211,'Swaziland'),(212,'Sweden'),(213,'Switzerland'),(214,'Syria'),(215,'Tajikistan'),(216,'Thailand'),(217,'Togo'),(218,'Tokelau'),(219,'Tonga'),(220,'Trinidad and Tobago'),(221,'United Arab Emirates'),(222,'Tunisia'),(223,'Turkey'),(224,'Turkmenistan'),(225,'Turks and Caicos Islands'),(226,'Tuvalu'),(227,'Uganda'),(228,'Ukraine'),(229,'Macedonia'),(230,'Egypt'),(231,'United Kingdom'),(232,'Guernsey'),(233,'Jersey'),(234,'Isle of Man'),(235,'Tanzania'),(236,'United States'),(237,'U.S. Virgin Islands'),(238,'Burkina Faso'),(239,'Kosovo'),(240,'Uruguay'),(241,'Uzbekistan'),(242,'Venezuela'),(243,'Wallis and Futuna'),(244,'Samoa'),(245,'Yemen'),(246,'Serbia and Montenegro'),(247,'Zambia'),(248,'Bhutan'),(251,'test');

/*Table structure for table `roles` */

DROP TABLE IF EXISTS `roles`;

CREATE TABLE `roles` (
  `role_id` int(11) NOT NULL AUTO_INCREMENT,
  `role_name` varchar(255) DEFAULT NULL,
  `role_desc` varchar(255) DEFAULT NULL,
  PRIMARY KEY (`role_id`)
) ENGINE=InnoDB AUTO_INCREMENT=3 DEFAULT CHARSET=utf8;

/*Data for the table `roles` */

insert  into `roles`(`role_id`,`role_name`,`role_desc`) values (1,'Administrator','ADMINISTRATOR'),(2,'Data Manager','DATA_MANAGER');

/*Table structure for table `smstemplate` */

DROP TABLE IF EXISTS `smstemplate`;

CREATE TABLE `smstemplate` (
  `sms_template_id` int(11) NOT NULL AUTO_INCREMENT,
  `sms_template` varchar(255) DEFAULT NULL,
  `sms_body` text,
  PRIMARY KEY (`sms_template_id`)
) ENGINE=InnoDB AUTO_INCREMENT=6 DEFAULT CHARSET=utf8;

/*Data for the table `smstemplate` */

insert  into `smstemplate`(`sms_template_id`,`sms_template`,`sms_body`) values (1,'EXIT_SUCCESS_NOTIFICATION','You have successfully EXITED from #GATE_NAME# at #TRANSACTION_TIME#'),(2,'EXIT_FAILURE_NOTIFICATION',NULL),(3,'ENTRY_SUCCESS_NOTIFICATION',NULL),(4,'ENTRY_FAILURE_NOTIFICATION',NULL),(5,'NO_EXIT_RECORD_NOTIFICATION','No exit record found, person recommended for further investigation');

/*Table structure for table `syncdetails` */

DROP TABLE IF EXISTS `syncdetails`;

CREATE TABLE `syncdetails` (
  `sync_id` int(11) NOT NULL AUTO_INCREMENT,
  `last_sync_time` timestamp NOT NULL DEFAULT CURRENT_TIMESTAMP,
  PRIMARY KEY (`sync_id`)
) ENGINE=InnoDB DEFAULT CHARSET=latin1;

/*Data for the table `syncdetails` */

/*Table structure for table `usergatemapping` */

DROP TABLE IF EXISTS `usergatemapping`;

CREATE TABLE `usergatemapping` (
  `user_gate_mapping_id` int(11) NOT NULL AUTO_INCREMENT,
  `cid` varchar(20) DEFAULT NULL,
  `gate_id` int(11) DEFAULT NULL,
  PRIMARY KEY (`user_gate_mapping_id`),
  KEY `cid` (`cid`),
  KEY `gate_id` (`gate_id`),
  CONSTRAINT `FK_usergatemapping` FOREIGN KEY (`cid`) REFERENCES `users` (`cid`),
  CONSTRAINT `usergatemapping_ibfk_2` FOREIGN KEY (`gate_id`) REFERENCES `gates` (`gate_id`)
) ENGINE=InnoDB AUTO_INCREMENT=2 DEFAULT CHARSET=utf8;

/*Data for the table `usergatemapping` */

insert  into `usergatemapping`(`user_gate_mapping_id`,`cid`,`gate_id`) values (1,'12345',1);

/*Table structure for table `users` */

DROP TABLE IF EXISTS `users`;

CREATE TABLE `users` (
  `cid` varchar(20) NOT NULL,
  `password` text,
  `password_salt` text,
  `full_name` varchar(255) DEFAULT NULL,
  `mobile_number` int(11) DEFAULT NULL,
  `designation` varchar(255) DEFAULT NULL,
  `working_address` varchar(255) DEFAULT NULL,
  `user_type_id` int(11) DEFAULT NULL,
  `role_id` int(11) DEFAULT NULL,
  PRIMARY KEY (`cid`),
  KEY `user_type_id` (`user_type_id`),
  KEY `users_ibfk2` (`role_id`),
  CONSTRAINT `users_ibfk2` FOREIGN KEY (`role_id`) REFERENCES `roles` (`role_id`),
  CONSTRAINT `users_ibfk_1` FOREIGN KEY (`user_type_id`) REFERENCES `usertypes` (`user_type_id`)
) ENGINE=InnoDB DEFAULT CHARSET=utf8;

/*Data for the table `users` */

insert  into `users`(`cid`,`password`,`password_salt`,`full_name`,`mobile_number`,`designation`,`working_address`,`user_type_id`,`role_id`) values ('12345','6E0tbU9blrFDVhhHsql0/+OX9Jyzo7Zo26Pc1SRWFIoceUpu0k+OZk2OD2FAXbChXFoR2qcghQLhQeYUWJvbLw==','609dSqmu3TEfvcdbhrvk3AzjNC7ua1arWM69pPXZjZTL3JmvO28K9Vnbqb8yE/1SCAIfKs3S2ucunZwLAcC0dcnDgbLEgECGeb805O9wLjfbCJ7wtgowUC3Li8T73MmnDiTakwArFIpxmcFKnVNS8EJF79r/D3qBaMOAaSf7D6cRBRpAERv8XTxhr+//Pv/u/OHPQ2zs1qV1Lwm1TMHlHNKhZgDWE9zlL8F4POMryIhHiBunpOUSTmLlhF/CS4Lv7wZ4RIRIb/9lqtSEFsrULf27UbjQ2ps9oFxnXaWbvsgg80qo+zlMIzcrRvLBqVrW0eK1Ytb0QpfGQaziXQXMWIXcr4yFfpCmfDlaC5yP+ovG7D1KAxKcZuafD4H+CySTMDoc+j3OBOyhgwmS84PEyFSMMUVSH6j5yV9TyHZX+Y0Zr4g4AVUAqdaTmVIckjKuqriX1MnTI9XtOt8cwIJuWkC0c/kmF0MsHuq8XRUNxwZGESXUZRSHbsb6hFxxWlg0LXFRjkt8pOrgaRjjx4q3XVlN9YCQl5Ltj9WoylGNw4z46pQklhaWU3mF+p3W46oJartIlV/qs14Gh99VBz+YIuSl0J+Jo+EdNIz/TdOLWta68EyZTrO7rF90OH8s7lyIdxZcRExjAUnD/6sbHQNRaB7ZWcRR2GMHTvXwHTTbNsM=','Poojan Sharma',17457592,'test','test1',1,1);

/*Table structure for table `usertypes` */

DROP TABLE IF EXISTS `usertypes`;

CREATE TABLE `usertypes` (
  `user_type_id` int(11) NOT NULL AUTO_INCREMENT,
  `user_type` varchar(255) DEFAULT NULL,
  `user_type_desc` varchar(255) DEFAULT NULL,
  PRIMARY KEY (`user_type_id`)
) ENGINE=InnoDB AUTO_INCREMENT=6 DEFAULT CHARSET=utf8;

/*Data for the table `usertypes` */

insert  into `usertypes`(`user_type_id`,`user_type`,`user_type_desc`) values (1,'Civil Servant','CIVIL_SERVANT'),(2,'Private Employee','PRIVATE_EMPLOYEE'),(3,'Corporate Employee','CORPORATE_EMPLOYEE'),(4,'Armed Force','ARMED_FORCE'),(5,'Volunteers','VOLUNTEERS');

/*!40101 SET SQL_MODE=@OLD_SQL_MODE */;
/*!40014 SET FOREIGN_KEY_CHECKS=@OLD_FOREIGN_KEY_CHECKS */;
/*!40014 SET UNIQUE_CHECKS=@OLD_UNIQUE_CHECKS */;
/*!40111 SET SQL_NOTES=@OLD_SQL_NOTES */;
